Wavelength,Baseline,Wavelength(nm),Absorbance
250,-1.155000825,250,0.579552056
251,-1.118860011,251,0.536755598
252,-1.099344032,252,0.505829419
253,-1.078767136,253,0.475968652
254,-1.058342823,254,0.450323073
255,-1.0372218,255,0.425345236
256,-1.01760927,256,0.402701073
257,-1.000206341,257,0.382405813
258,-0.985120999,258,0.364013901
259,-0.971852053,259,0.346671861
260,-0.958428847,260,0.329709915
261,-0.945949043,261,0.313724372
262,-0.933962874,262,0.298979422
263,-0.922522582,263,0.285680284
264,-0.912014147,264,0.273952305
265,-0.902226778,265,0.263994361
266,-0.893441938,266,0.255916312
267,-0.884963931,267,0.249877943
268,-0.876965339,268,0.245901595
269,-0.869841441,269,0.243803205
270,-0.862467782,270,0.24302063
271,-0.855912578,271,0.245562311
272,-0.849835457,272,0.250647764
273,-0.844166106,273,0.257496959
274,-0.838857714,274,0.265682726
275,-0.833704891,275,0.277216602
276,-0.828243045,276,0.290277921
277,-0.823072788,277,0.307132945
278,-0.817547033,278,0.325943298
279,-0.811379065,279,0.345263186
280,-0.806011637,280,0.367412485
281,-0.801014007,281,0.392719993
282,-0.795560699,282,0.420564294
283,-0.789209318,283,0.450899045
284,-0.782262296,284,0.483487453
285,-0.775759041,285,0.517801979
286,-0.769635268,286,0.55134936
287,-0.76383885,287,0.588275104
288,-0.756722532,288,0.62695091
289,-0.748811828,289,0.664300436
290,-0.741380592,290,0.697998953
291,-0.733546401,291,0.735120316
292,-0.725153628,292,0.769268625
293,-0.717333726,293,0.804117015
294,-0.709806232,294,0.842446605
295,-0.702268627,295,0.885180687
296,-0.695553359,296,0.928332155
297,-0.688697173,297,0.964623537
298,-0.682346409,298,0.993173722
299,-0.676126938,299,1.017790736
300,-0.669914257,300,1.043473819
301,-0.66422848,301,1.07597456
302,-0.659048649,302,1.112682153
303,-0.653928803,303,1.13994648
304,-0.649034535,304,1.155921035
305,-0.644609899,305,1.161951045
306,-0.640879709,306,1.162347343
307,-0.636362259,307,1.168536536
308,-0.63260355,308,1.186117103
309,-0.628645092,309,1.205854271
310,-0.624530869,310,1.219441504
311,-0.6207191,311,1.219489798
312,-0.616775474,312,1.199305119
313,-0.61292069,313,1.179055968
314,-0.60899402,314,1.166819661
315,-0.6052522,315,1.164133615
316,-0.601916648,316,1.169193436
317,-0.598698715,317,1.176121549
318,-0.595369152,318,1.171641259
319,-0.591774939,319,1.151980076
320,-0.588311295,320,1.125032241
321,-0.585112881,321,1.098414492
322,-0.581687894,322,1.075702983
323,-0.578051075,323,1.067059269
324,-0.574510831,324,1.06458503
325,-0.571047459,325,1.060966621
326,-0.567537357,326,1.051810171
327,-0.563788339,327,1.036008086
328,-0.560281149,328,1.010120979
329,-0.557209796,329,0.989952464
330,-0.554051636,330,0.975103314
331,-0.551149242,331,0.964667717
332,-0.549016433,332,0.957475363
333,-0.545312529,333,0.954200851
334,-0.541820413,334,0.948407967
335,-0.538865778,335,0.942029392
336,-0.535957988,336,0.933283572
337,-0.532697429,337,0.92097028
338,-0.530351566,338,0.911534216
339,-0.528222018,339,0.905083341
340,-0.526124718,340,0.901472965
341,-0.523640093,341,0.897335866
342,-0.520710629,342,0.89107936
343,-0.518395077,343,0.887863867
344,-0.51552766,344,0.883646529
345,-0.513551404,345,0.87944906
346,-0.511447208,346,0.874397509
347,-0.508914403,347,0.86812488
348,-0.507283512,348,0.861400411
349,-0.504677094,349,0.854521456
350,-0.503027366,350,0.844201816
351,-0.50128765,351,0.834314541
352,-0.499385902,352,0.826048404
353,-0.498220216,353,0.817681822
354,-0.497291151,354,0.805575889
355,-0.495888476,355,0.792312869
356,-0.494028705,356,0.77841249
357,-0.491865165,357,0.762911444
358,-0.489637118,358,0.744893876
359,-0.487580962,359,0.730174166
360,-0.485591625,360,0.711126152
361,-0.484684981,361,0.69487143
362,-0.483809888,362,0.678367662
363,-0.481807059,363,0.658085599
364,-0.479444936,364,0.639876517
365,-0.47830595,365,0.622012698
366,-0.476544424,366,0.602010724
367,-0.47507315,367,0.582283781
368,-0.474164126,368,0.563280168
369,-0.472662291,369,0.541666549
370,-0.469633596,370,0.521008008
371,-0.468606139,371,0.502139649
372,-0.467954289,372,0.483992085
373,-0.467018985,373,0.465476518
374,-0.465878789,374,0.445767834
375,-0.4644824,375,0.425946001
376,-0.462627738,376,0.40622942
377,-0.461817843,377,0.38698778
378,-0.461151133,378,0.367343137
379,-0.45957383,379,0.347134238
380,-0.45794028,380,0.329843762
381,-0.457271595,381,0.31358508
382,-0.457832302,382,0.298336144
383,-0.457343524,383,0.283396815
384,-0.455316172,384,0.268592243
385,-0.454141538,385,0.254595875
386,-0.452217117,386,0.237588957
387,-0.450699206,387,0.222091051
388,-0.449941559,388,0.207886054
389,-0.44937791,389,0.194714822
390,-0.447556891,390,0.182258365
391,-0.446284055,391,0.168817056
392,-0.445567557,392,0.155868753
393,-0.4451557,393,0.144847062
394,-0.444979629,394,0.13545392
395,-0.445151873,395,0.125677699
396,-0.442889493,396,0.114793721
397,-0.442084202,397,0.106667959
398,-0.441782355,398,0.098701069
399,-0.440658957,399,9.09E-02
400,-0.437000527,400,8.59E-02
401,-0.431428519,401,7.65E-02
402,-0.429604639,402,6.99E-02
403,-0.429040151,403,6.45E-02
404,-0.428371921,404,5.94E-02
405,-0.427443089,405,5.42E-02
406,-0.426943489,406,5.00E-02
407,-0.426345458,407,4.63E-02
408,-0.425620446,408,0.042778884
409,-0.42491398,409,3.96E-02
410,-0.424561258,410,3.69E-02
411,-0.424096381,411,3.45E-02
412,-0.423590217,412,3.25E-02
413,-0.423021691,413,3.07E-02
414,-0.422460814,414,2.92E-02
415,-0.422082808,415,2.81E-02
416,-0.421722285,416,2.72E-02
417,-0.421514468,417,2.67E-02
418,-0.421200837,418,2.64E-02
419,-0.420797277,419,2.61E-02
420,-0.420464861,420,2.63E-02
421,-0.419978015,421,2.67E-02
422,-0.419730002,422,2.74E-02
423,-0.419460496,423,2.83E-02
424,-0.419139211,424,2.94E-02
425,-0.418776391,425,3.05E-02
426,-0.418382963,426,3.16E-02
427,-0.417885213,427,3.29E-02
428,-0.417636995,428,3.44E-02
429,-0.417385474,429,3.60E-02
430,-0.417082496,430,3.77E-02
431,-0.416756117,431,3.99E-02
432,-0.416414114,432,4.21E-02
433,-0.415979168,433,4.48E-02
434,-0.415624387,434,4.78E-02
435,-0.415340574,435,0.051191907
436,-0.415050252,436,5.48E-02
437,-0.414674704,437,5.83E-02
438,-0.414412214,438,6.21E-02
439,-0.414055099,439,6.57E-02
440,-0.4137534,440,6.94E-02
441,-0.413510039,441,7.32E-02
442,-0.413255842,442,7.70E-02
443,-0.41287632,443,0.081055942
444,-0.412771758,444,8.57E-02
445,-0.41237866,445,9.06E-02
446,-0.411976813,446,9.62E-02
447,-0.411621959,447,0.102717831
448,-0.411288113,448,0.110029031
449,-0.41102578,449,0.117783558
450,-0.411034597,450,0.126272491
451,-0.410810115,451,0.134470205
452,-0.410419904,452,0.142621292
453,-0.409967865,453,0.150798137
454,-0.409594221,454,0.158715619
455,-0.409241502,455,0.16592243
456,-0.408776229,456,0.17276685
457,-0.40824908,457,0.179641889
458,-0.407757057,458,0.18700952
459,-0.407418963,459,0.195006595
460,-0.407049481,460,0.20431939
461,-0.406585866,461,0.214790267
462,-0.406033296,462,0.22651835
463,-0.405601705,463,0.240665594
464,-0.405095852,464,0.255967109
465,-0.40454058,465,0.272352285
466,-0.403976126,466,0.289504997
467,-0.403467464,467,0.306835069
468,-0.403023467,468,0.32484704
469,-0.402478124,469,0.341520336
470,-0.401975168,470,0.356684674
471,-0.401507854,471,0.37016359
472,-0.400998388,472,0.381940041
473,-0.400573837,473,0.392840083
474,-0.400133912,474,0.403543119
475,-0.399718898,475,0.415751355
476,-0.399341951,476,0.430162664
477,-0.399038751,477,0.447595906
478,-0.398827528,478,0.468748354
479,-0.398554337,479,0.493480961
480,-0.3984021,480,0.522713607
481,-0.398274484,481,0.554270761
482,-0.398162092,482,0.587534371
483,-0.398049056,483,0.620774358
484,-0.397915607,484,0.651757095
485,-0.397801161,485,0.681274482
486,-0.397706594,486,0.706719293
487,-0.397660064,487,0.728132084
488,-0.397607492,488,0.745069465
489,-0.397495306,489,0.757607566
490,-0.39732277,490,0.766959117
491,-0.39715128,491,0.775459586
492,-0.397027202,492,0.785669171
493,-0.396900605,493,0.798897373
494,-0.396752127,494,0.816448377
495,-0.396706996,495,0.840967998
496,-0.396518154,496,0.8724484
497,-0.396349914,497,0.910015781
498,-0.396175965,498,0.95234776
499,-0.395989878,499,0.998129131
500,-0.395904341,500,1.046959968
501,-0.395767213,501,1.095099932
502,-0.395543351,502,1.140339035
503,-0.395335165,503,1.180535823
504,-0.395190756,504,1.213973542
505,-0.395002828,505,1.239044579
506,-0.394740098,506,1.252719553
507,-0.394608957,507,1.258985993
508,-0.394451961,508,1.258457979
509,-0.39419895,509,1.252452524
510,-0.394009527,510,1.243688942
511,-0.393831674,511,1.237342481
512,-0.393676537,512,1.235678998
513,-0.393472342,513,1.240416027
514,-0.393215385,514,1.25293472
515,-0.393025744,515,1.274718069
516,-0.392846566,516,1.307278557
517,-0.392671729,517,1.347127785
518,-0.392472378,518,1.392976827
519,-0.392239207,519,1.443509494
520,-0.391992119,520,1.497457155
521,-0.391732483,521,1.548913333
522,-0.391519681,522,1.596174741
523,-0.391295149,523,1.635050334
524,-0.391047519,524,1.662848012
525,-0.390829797,525,1.678561743
526,-0.39057748,526,1.676844625
527,-0.390323045,527,1.660354194
528,-0.390058598,528,1.632809971
529,-0.389778357,529,1.597352836
530,-0.38947953,530,1.556339385
531,-0.389300386,531,1.513378214
532,-0.389022824,532,1.475473567
533,-0.388756482,533,1.444036398
534,-0.38853834,534,1.420679324
535,-0.388333673,535,1.407195676
536,-0.388043783,536,1.407632828
537,-0.387819804,537,1.417673899
538,-0.387579015,538,1.435759933
539,-0.387323863,539,1.460564144
540,-0.387117465,540,1.490795406
541,-0.386973721,541,1.523700561
542,-0.386696387,542,1.556137879
543,-0.386457694,543,1.584579774
544,-0.38624922,544,1.606388582
545,-0.386009232,545,1.619560314
546,-0.385782103,546,1.621478527
547,-0.385563586,547,1.60640488
548,-0.385343705,548,1.580301657
549,-0.385154006,549,1.541388924
550,-0.385005223,550,1.489554214
551,-0.384830392,551,1.431603599
552,-0.38463261,552,1.363411795
553,-0.38436806,553,1.294164861
554,-0.384122093,554,1.225318498
555,-0.383909826,555,1.158858818
556,-0.383626424,556,1.098404328
557,-0.38338103,557,1.047607166
558,-0.383083146,558,1.006484721
559,-0.38280138,559,0.974293832
560,-0.382515141,560,0.950548533
561,-0.382142423,561,0.934893128
562,-0.381830745,562,0.926675064
563,-0.381485702,563,0.922891686
564,-0.38112592,564,0.921642752
565,-0.380760476,565,0.921480654
566,-0.380389706,566,0.921044261
567,-0.37998127,567,0.918601836
568,-0.379548068,568,0.912260898
569,-0.379151624,569,0.901126572
570,-0.378743107,570,0.884580587
571,-0.378274352,571,0.862086912
572,-0.377777176,572,0.832155491
573,-0.377278637,573,0.79511972
574,-0.376805271,574,0.752592808
575,-0.376330383,575,0.706076323
576,-0.375845583,576,0.656773301
577,-0.375381969,577,0.605120245
578,-0.374893221,578,0.555047807
579,-0.374431394,579,0.505971928
580,-0.373947412,580,0.459915619
581,-0.373449222,581,0.41783343
582,-0.372994154,582,0.379653642
583,-0.372518685,583,0.34771797
584,-0.372093267,584,0.318276043
585,-0.371622904,585,0.291959839
586,-0.371140678,586,0.268840577
587,-0.370717005,587,0.248697862
588,-0.370220278,588,0.23231573
589,-0.369767581,589,0.218383297
590,-0.369335601,590,0.20660869
591,-0.368914053,591,0.196704916
592,-0.368504068,592,0.188372659
593,-0.368139407,593,0.181686595
594,-0.367709656,594,0.17607561
595,-0.367299527,595,0.171299403
596,-0.366913381,596,0.167201902
597,-0.366536329,597,0.163630769
598,-0.366137211,598,0.160482164
599,-0.365753126,599,0.157627943
600,-0.36534956,600,0.154899509
601,-0.364970963,601,0.152312751
602,-0.36462231,602,0.149852244
603,-0.364265519,603,0.147462184
604,-0.363869186,604,0.144961453
605,-0.363473459,605,0.142541614
606,-0.363094062,606,0.140188006
607,-0.362727087,607,0.137912418
608,-0.36235561,608,0.135733196
609,-0.361947994,609,0.13362409
610,-0.361558189,610,0.131619491
611,-0.361206772,611,0.129742854
612,-0.360857468,612,0.128025095
613,-0.360473829,613,0.126468478
614,-0.360087697,614,0.124988788
615,-0.359737368,615,0.123691782
616,-0.359365982,616,0.122433782
617,-0.35899907,617,0.121228602
618,-0.358638617,618,0.12008432
619,-0.358212652,619,0.118956284
620,-0.357796409,620,0.117866015
621,-0.357407969,621,0.116833456
622,-0.356996625,622,0.115786215
623,-0.356567734,623,0.114754194
624,-0.356190393,624,0.113878008
625,-0.355741449,625,0.112784106
626,-0.355359706,626,0.111848215
627,-0.355008192,627,0.11096695
628,-0.354633013,628,0.110072388
629,-0.354188997,629,0.109128725
630,-0.35381683,630,0.108181395
631,-0.353447732,631,0.107238378
632,-0.353053522,632,0.106267706
633,-0.352639391,633,0.105277892
634,-0.352229188,634,0.104298679
635,-0.351878805,635,0.103393358
636,-0.351449927,636,0.10230986
637,-0.3510605,637,0.101264362
638,-0.350688559,638,0.100204534
639,-0.350294719,639,9.91E-02
640,-0.349854217,640,9.80E-02
641,-0.34944797,641,9.68E-02
642,-0.349024518,642,0.095566714
643,-0.348600533,643,9.44E-02
644,-0.34819522,644,0.093200624
645,-0.34781643,645,9.20E-02
646,-0.347371326,646,9.07E-02
647,-0.346994549,647,8.95E-02
648,-0.346599312,648,8.82E-02
649,-0.346205562,649,8.69E-02
650,-0.345839847,650,8.56E-02
651,-0.34545555,651,8.42E-02
652,-0.345080052,652,8.28E-02
653,-0.344817285,653,8.13E-02
654,-0.344066301,654,7.99E-02
655,-0.342797661,655,7.84E-02
656,-0.341516825,656,7.69E-02
657,-0.340223655,657,7.54E-02
658,-0.338942344,658,7.39E-02
659,-0.337696718,659,7.25E-02
660,-0.336534505,660,7.11E-02
661,-0.335488908,661,6.98E-02
662,-0.334536395,662,6.84E-02
663,-0.333747691,663,6.70E-02
664,-0.333075883,664,6.56E-02
665,-0.332501531,665,6.43E-02
666,-0.332016519,666,6.29E-02
667,-0.331627501,667,6.15E-02
668,-0.331402356,668,6.02E-02
669,-0.33121501,669,5.88E-02
670,-0.331104763,670,5.74E-02
671,-0.331057275,671,5.60E-02
672,-0.331036886,672,5.47E-02
673,-0.331035808,673,5.33E-02
674,-0.331047208,674,5.20E-02
675,-0.331033934,675,0.05070624
676,-0.331011371,676,4.94E-02
677,-0.330976113,677,4.81E-02
678,-0.330882712,678,4.68E-02
679,-0.330886747,679,4.56E-02
680,-0.330756983,680,4.43E-02
681,-0.330613197,681,4.30E-02
682,-0.330474116,682,4.18E-02
683,-0.330299265,683,4.05E-02
684,-0.330126297,684,3.92E-02
685,-0.329885354,685,3.79E-02
686,-0.329646198,686,3.66E-02
687,-0.329400791,687,3.54E-02
688,-0.329129077,688,0.034112308
689,-0.328832815,689,3.29E-02
690,-0.328574719,690,3.18E-02
691,-0.328295688,691,3.06E-02
692,-0.327987171,692,2.95E-02
693,-0.327658766,693,2.84E-02
694,-0.327345318,694,2.72E-02
695,-0.327019248,695,2.62E-02
696,-0.326694679,696,2.51E-02
697,-0.32636659,697,0.024111537
698,-0.326027651,698,2.31E-02
699,-0.325668789,699,2.21E-02
700,-0.325189266,700,2.10E-02
