Wavelength,Intensity
500,0.286
500.5,0.28416
501,0.292147
501.5,0.303446
502,0.320689
502.5,0.332942
503,0.348473
503.5,0.3619
504,0.36907
504.5,0.365259
505,0.351777
505.5,0.341572
506,0.332157
506.5,0.325706
507,0.320938
507.5,0.319371
508,0.323112
508.5,0.33022
509,0.343378
509.5,0.346699
510,0.352831
510.5,0.361802
511,0.367696
511.5,0.381314
512,0.398251
512.5,0.425383
513,0.462397
513.5,0.510045
514,0.548517
514.5,0.584182
515,0.621564
515.5,0.654625
516,0.692911
516.5,0.728418
517,0.765068
517.5,0.806939
518,0.852374
518.5,0.88972
519,0.919152
519.5,0.943379
520,0.965047
520.5,0.997222
521,1.025534
521.5,1.058891
522,1.107269
522.5,1.1651
523,1.23663
523.5,1.324235
524,1.420663
524.5,1.526737
525,1.65415
525.5,1.785239
526,1.91389
526.5,2.047127
527,2.169242
527.5,2.291838
528,2.413316
528.5,2.538585
529,2.67434
529.5,2.83129
530,3.007208
530.5,3.194573
531,3.41283
531.5,3.644311
532,3.895493
532.5,4.160169
533,4.443862
533.5,4.750156
534,5.071299
534.5,5.412861
535,5.762932
535.5,6.137641
536,6.53498
536.5,6.957066
537,7.405197
537.5,7.897221
538,8.437976
538.5,9.022038
539,9.653966
539.5,10.311381
540,10.994616
540.5,11.709247
541,12.459851
541.5,13.25355
542,14.113561
542.5,15.030334
543,16.011889
543.5,17.060367
544,18.155633
544.5,19.322835
545,20.574469
545.5,21.943449
546,23.437319
546.5,25.081053
547,26.863696
547.5,28.787376
548,30.841195
548.5,32.980491
549,35.207933
549.5,37.531584
550,39.990587
550.5,42.576242
551,45.33004
551.5,48.305174
552,51.532958
552.5,55.028511
553,58.771326
553.5,62.805317
554,67.114548
554.5,71.760883
555,76.719873
555.5,81.969043
556,87.566422
556.5,93.506475
557,99.779838
557.5,106.383017
558,113.392696
558.5,120.848016
559,128.685853
559.5,136.954931
560,145.664912
560.5,154.917374
561,164.657964
561.5,174.793728
562,185.34484
562.5,196.37002
563,207.895336
563.5,219.790142
564,232.166762
564.5,244.993664
565,258.392757
565.5,272.363942
566,286.717691
566.5,301.487496
567,316.6539
567.5,332.256864
568,348.073601
568.5,364.225648
569,380.564613
569.5,397.092579
570,413.825549
570.5,430.513045
571,447.185838
571.5,463.763833
572,480.150263
572.5,496.085287
573,511.634708
573.5,526.685364
574,541.129236
574.5,554.986104
575,568.064815
575.5,580.407769
576,592.044966
576.5,602.960668
577,613.075478
577.5,622.392299
578,630.895038
578.5,638.577718
579,645.497399
579.5,651.429854
580,656.236026
580.5,660.082381
581,662.864137
581.5,664.550075
582,665.261735
582.5,665.01271
583,663.937201
583.5,662.165972
584,659.772282
584.5,656.50411
585,652.567645
585.5,647.827079
586,642.143245
586.5,635.709302
587,628.49937
587.5,620.772022
588,612.628366
588.5,604.225308
589,595.463392
589.5,586.585508
590,577.546288
590.5,568.094728
591,558.289304
591.5,548.097239
592,537.742178
592.5,527.205679
593,516.468307
593.5,505.550631
594,494.505783
594.5,483.427993
595,472.299679
595.5,461.291875
596,450.400545
596.5,439.765091
597,429.486657
597.5,419.570536
598,409.968776
598.5,400.515963
599,391.208911
599.5,381.911695
600,372.750373
600.5,363.801043
601,355.076761
601.5,346.595389
602,338.512075
602.5,330.861026
603,323.466771
603.5,316.293432
604,309.197519
604.5,302.201291
605,295.320571
605.5,288.596572
606,282.003983
606.5,275.724676
607,269.710385
607.5,263.949939
608,258.450799
608.5,253.221417
609,248.224235
609.5,243.360171
610,238.687991
610.5,234.213334
611,229.980662
611.5,225.867938
612,221.877305
612.5,217.959019
613,214.10723
613.5,210.37931
614,206.634434
614.5,202.948766
615,199.377339
615.5,196.03176
616,192.814861
616.5,189.794394
617,186.950457
617.5,184.27738
618,181.766203
618.5,179.299411
619,176.867319
619.5,174.45533
620,172.062856
620.5,169.619415
621,167.184288
621.5,164.729917
622,162.337096
622.5,159.961178
623,157.637202
623.5,155.390815
624,153.194565
624.5,150.973458
625,148.731212
625.5,146.542322
626,144.366569
626.5,142.354162
627,140.371807
627.5,138.435978
628,136.514552
628.5,134.575984
629,132.567611
629.5,130.487309
630,128.359943
630.5,126.159109
631,124.059673
631.5,122.008178
632,120.041473
632.5,118.166828
633,116.299658
633.5,114.386803
634,112.429297
634.5,110.462249
635,108.406722
635.5,106.332946
636,104.260443
636.5,102.180078
637,100.182647
637.5,98.219203
638,96.275891
638.5,94.320556
639,92.432897
639.5,90.5804
640,88.794164
640.5,87.099802
641,85.400288
641.5,83.761153
642,82.162002
642.5,80.552443
643,78.883624
643.5,77.181642
644,75.418405
644.5,73.628223
645,71.904408
645.5,70.216283
646,68.583031
646.5,67.017659
647,65.497793
647.5,64.05192
648,62.65019
648.5,61.239911
649,59.831122
649.5,58.424164
650,57.035267
650.5,55.657954
651,54.333965
651.5,53.009831
652,51.720954
652.5,50.447888
653,49.196177
653.5,47.986027
654,46.782416
654.5,45.631722
655,44.505301
655.5,43.442234
656,42.432747
656.5,41.456023
657,40.50485
657.5,39.56374
658,38.639764
658.5,37.675086
659,36.693499
659.5,35.695808
660,34.717244
660.5,33.793163
661,32.903344
661.5,32.068507
662,31.289769
662.5,30.564762
663,29.851441
663.5,29.153839
664,28.44993
664.5,27.725755
665,27.030499
665.5,26.331827
666,25.649057
666.5,25.000337
667,24.405497
667.5,23.841393
668,23.326291
668.5,22.828509
669,22.329946
669.5,21.848102
670,21.367607
670.5,20.883275
671,20.390345
671.5,19.905872
672,19.416343
672.5,18.959039
673,18.510462
673.5,18.059021
674,17.628544
674.5,17.22875
675,16.862736
675.5,16.525128
676,16.213721
676.5,15.918466
677,15.644133
677.5,15.352461
678,15.045171
678.5,14.711187
679,14.370817
679.5,14.044837
680,13.726051
680.5,13.432282
681,13.168283
681.5,12.939785
682,12.713552
682.5,12.474369
683,12.211419
683.5,11.950417
684,11.694228
684.5,11.433003
685,11.179481
685.5,10.954335
686,10.76811
686.5,10.601046
687,10.430121
687.5,10.232233
688,10.045003
688.5,9.859454
689,9.659183
689.5,9.449745
690,9.245554
690.5,9.067739
691,8.911359
691.5,8.750078
692,8.571763
692.5,8.404886
693,8.244925
693.5,8.080902
694,7.923601
694.5,7.770537
695,7.632823
695.5,7.510852
696,7.385927
696.5,7.258478
697,7.134062
697.5,7.004661
698,6.856143
698.5,6.72216
699,6.587113
699.5,6.453951
700,6.321
