Wavenumber (cm-1),Intensity
1,0
-78.9943766,46.00019455
-76.45172166,41.78320313
-73.91019239,49.98681641
-71.3697884,37.10644531
-68.83050927,25.37670898
-66.29235458,25.99023438
-63.75532393,19.70336914
-61.21941689,18.17016602
-58.68463306,13.26318359
-56.15097203,17.78662109
-53.61843338,7.513671875
-51.08701669,20.31640625
-48.55672156,5.826660156
-46.02754758,6.746582031
-43.49949432,70.45703125
-40.97256138,82.72363281
-38.44674834,109.9404297
-35.9220548,74.97949219
-33.39848033,44.00683594
-30.87602453,42.89550781
-28.35468698,48.54956055
-25.83446727,29.48803711
-23.31536499,72.28234863
-20.79737972,115.0766602
-18.28051105,78.89013672
-15.76475858,63.32714844
-13.25012187,2.223144531
-10.73660053,13.49316406
-8.22419414,27.83007813
-5.712902286,55.3527832
-3.202724555,65.47363281
-0.693660536,852.9169922
1.814290185,1811.402832
4.321128021,1813.703613
6.826853385,946.0668945
9.331466688,77.81640625
11.83496835,119.4465332
14.33735877,117.1464844
16.83863837,84.1796875
19.33880756,43.39355469
21.83786676,46.76635742
24.33581638,45.00292969
26.83265683,55.88964844
29.32838852,46.07641602
31.82301186,3.220214844
34.31652728,3.833251953
36.80893517,53.28320313
39.30023597,53.58984375
41.79043007,46.45996094
44.27951789,8.740234375
46.76749984,54.28027344
49.25437634,19.78076172
51.7401478,21.15966797
54.22481463,15.33398438
56.70837724,96.4465332
59.19083606,142.0634766
61.67219148,257.2163086
64.15244393,371.4501953
66.63159381,618.776123
69.10964154,1040.213379
71.58658753,1721.396484
74.0624322,2550.31665
76.53717596,3380.616455
79.01081922,4042.40332
81.48336239,4574.393066
83.95480588,5129.000488
86.42515012,5647.343262
88.89439551,6020.020996
91.36254246,6115.010742
93.82959139,6001.620117
96.29554271,5778.405762
98.76039684,5555.191406
101.2241542,5409.294922
103.6868151,5255.960938
106.1483802,5179.599609
108.6088496,5074.029297
111.068224,4959.873047
113.5265036,4846.175781
115.9836889,4755.479492
118.4397803,4723.893555
120.8947782,4652.209473
123.3486831,4632.429199
125.8014953,4593.252441
128.2532153,4641.706055
130.7038434,4631.739258
133.1533801,4660.796875
135.6018259,4680.883789
138.049181,4678.353516
140.495446,4690.160156
142.9406211,4717.146484
145.384707,4747.353516
147.8277039,4753.793945
150.2696122,4762.303711
152.7104325,4815.356445
155.150165,4851.850586
157.5888103,4907.356445
160.0263687,4962.327148
162.4628406,5050.186523
164.8982265,5124.092773
167.3325268,5219.849609
169.7657418,5356.853516
172.197872,5514.633789
174.6289178,5665.512207
177.0588796,5925.259766
179.4877579,6185.006836
181.915553,6581.219727
184.3422653,6993.685547
186.7678953,7475.996094
189.1924434,8196.777344
191.61591,9134.314453
194.0382955,10071.85156
196.4596003,11521.92773
198.8798249,13591.00586
201.2989696,16477.89063
203.7170348,20706.36328
206.134021,26936.68164
208.5499286,35614.27734
210.964758,45757.8125
213.3785096,54490.22266
215.7911838,58415.47656
218.2027811,54531.23828
220.6133018,44988.76563
223.0227463,33587.4375
225.4311151,25043.08984
227.8384087,19598.60547
230.2446273,16343.26367
232.6497714,14028.84961
235.0538414,12503.95215
237.4568378,11416.28125
239.858761,10698.21973
242.2596113,10023.47754
244.6593891,9455.069336
247.058095,9009.329102
249.4557293,8676.136719
251.8522923,8425.130859
254.2477846,8263.057617
256.6422066,8126.744141
259.0355586,8062.34375
261.427841,8035.664063
263.8190544,8068.553711
266.209199,8129.044922
268.5982753,8224.34082
270.9862838,8386.566406
273.3732248,8643.78418
275.7590987,8944.624023
278.143906,9432.224609
280.527647,10031.71875
282.9103222,10631.21191
285.291932,11516.17578
287.6724769,12610.51758
290.0519571,14146.83984
292.4303732,16197.13672
294.8077255,19097.13086
297.1840145,23213.13281
299.5592405,29126.66406
301.9334041,37257.92969
304.3065055,47723.31641
306.6785453,57072.96875
309.0495237,62476.82422
311.4194413,62406.47266
313.7882985,57690.47656
316.1560956,49802.26172
318.5228331,41802.07031
320.8885113,31461.86719
323.2531308,21121.66602
325.6166919,17114.76172
327.979195,14561.07031
330.3406406,12832.00684
332.701029,11550.67773
335.0603606,10608.75195
337.418636,9961.607422
339.7758554,9300.203125
342.1320193,8867.342773
344.4871282,8434.482422
346.8411824,8291.65332
349.1941823,8157.641113
351.5461283,8026.387695
353.897021,7875.047852
356.2468606,7718.339844
358.5956476,7560.48291
360.9433824,7481.285645
363.2900655,7426.777344
365.6356971,7389.363281
367.9802778,7368.279785
370.323808,7316.875
372.666288,7318.3125
375.0077184,7319.75
377.3480994,7302.500977
379.6874315,7250.520508
382.0257151,7248.143555
384.3629507,7255.733398
386.6991387,7307.791016
389.0342793,7302.499023
391.3683732,7381.543945
393.7014206,7490.947266
396.0334221,7519.464844
398.3643779,7524.756836
400.6942886,7579.649414
403.0231545,7708.756836
405.3509761,7803.208496
407.6777537,7937.606445
410.0034878,8131.114258
412.3281788,8380.356445
414.6518271,8762.923828
416.9744331,9346.28125
419.2959973,10302.31348
421.61652,11689.06055
423.9360016,13637.23535
426.2544426,15951.41992
428.5718433,18533.86328
430.8882043,21106.17969
433.2035259,24085.75195
435.5178085,28002.73047
437.8310525,33773.8125
440.1432583,41549.27344
442.4544265,50920.46875
444.7645572,58784.93359
447.0736511,62910.0625
449.3817085,63906.26172
451.6887297,63868.85156
453.9947153,64111.19531
456.2996656,64292.125
458.6035811,63969.66797
460.9064621,64024.41406
463.2083091,60686.96094
465.5091225,50950.44531
467.8089027,39895.1875
470.1076501,30642.97852
472.4053651,26831.87695
474.7020481,23154.94336
476.9976996,19849.69141
479.29232,17285.95703
481.5859096,15040.00684
483.8784689,12011.71094
486.1699983,9934.025391
488.4604983,8564.558594
490.7499691,8827.539063
493.0384113,9090.519531
495.3258253,8843.269531
497.6122114,8635.808594
499.8975701,8482.09375
502.1819018,8401.976563
504.4652068,8333.973633
506.7474857,8312.737305
509.0287389,8290.65625
511.3089666,8281.150391
513.5881695,8236.989258
515.8663477,8191.910156
518.1435019,8174.123535
520.4196324,8173.165039
522.6947396,8152.905762
524.9688238,8171.90918
527.2418857,8190.913086
529.5139254,8166.456055
531.7849436,8176.192383
534.0549404,8169.139648
536.3239165,8158.40625
538.5918722,8172.513672
540.8588079,8185.393555
543.124724,8138.473633
545.3896209,8100.140137
547.6534991,8020.483398
549.9163589,8036.888672
552.1782009,8029.530273
554.4390253,8062.803711
556.6988326,8073
558.9576232,8037.42627
561.2153975,8060.272949
563.472156,8096.460449
565.727899,8136.09668
567.982627,8138.473633
570.2363404,8146.830078
572.4890395,8104.433594
574.7407249,8053.911621
576.9913969,8023.244629
579.2410559,7941.669434
581.4897023,7930.476074
583.7373366,7905.021973
585.9839592,7975.940918
588.2295704,7990.506836
590.4741707,7950.180664
592.7177606,7942.283691
594.9603403,7928.790527
597.2019104,7976.323242
599.4424712,7991.810547
601.6820232,8014.886719
603.9205668,7960.069336
606.1581023,7915.564941
608.3946302,7945.331055
610.630151,7975.09668
612.8646649,7937.836426
615.0981725,7936.609863
617.3306742,7928.100586
619.5621703,7975.097656
621.7926612,7997.177734
624.0221475,7940.519531
626.2506294,7928.331055
628.4781075,7912.99707
630.7045821,7900.730469
632.9300536,7889.459961
635.1545225,7869.374023
637.3779891,7838.169922
639.6004539,7822.070313
641.8219173,7812.333984
644.0423797,7917.520508
646.2618415,7879.647461
648.4803031,7844.226563
650.697765,7794.546875
652.9142275,7819.386719
655.1296911,7806.813477
657.3441562,9440.964844
659.5576231,9411.294922
661.7700924,9375.568359
663.9815644,7645.584473
666.1920395,7648.26709
668.4015181,7649.416992
670.6100007,7667.816895
672.8174877,7637.61084
675.0239795,7675.944336
677.2294764,7729.533691
679.433979,7723.9375
681.6374875,7737.429688
683.8400025,7712.666016
686.0415244,7711.208984
688.2420535,7695.551758
690.4415903,7841.716797
692.6401351,8161.292969
694.8376885,8221.125977
697.0342508,8274.253906
699.2298224,8057.937012
701.4244037,7841.620117
703.6179952,7900.65332
705.8105972,7936.149414
708.0022102,8093.546875
710.1928346,8138.396973
712.3824708,8211.384766
714.5711192,8308.136719
716.7587802,8446.980469
718.9454543,8630.519531
721.1311418,8804.553711
723.3158432,9084.617188
725.4995588,9391.666016
727.6822892,9782.207031
729.8640346,10272.49121
732.0447956,10868.95605
734.2245725,11507.66699
736.4033657,12168.07422
738.5811757,13123.33984
740.7580029,14078.60547
742.9338476,15385.4668
745.1087103,16784.93945
747.2825915,18238.61523
749.4554914,19513.35352
751.6274106,20548.19922
753.7983494,21064.08984
755.9683083,21283.70313
758.1372877,21218.05859
760.3052879,21152.41211
762.4723094,20483.87891
764.6383527,19708.4707
766.803418,19111.23828
768.9675059,18789.77148
771.1306167,18762.63281
773.2927509,19014.17578
775.4539089,19429.93945
777.6140911,19944.37695
779.7732978,20412.65625
781.9315296,20791.38672
784.0887868,20925.85938
786.2450698,20669.41016
788.4003791,19896.76367
790.554715,18933.10352
792.708078,17824.11914
794.8604685,16763.97266
797.0118869,15565.78613
799.1623336,14291.28027
801.3118091,13045.75684
803.4603137,12056.48633
805.6078478,11212.90234
807.7544119,10479.57617
809.9000064,9746.25
812.0446316,9267.160156
814.1882881,8821.114258
816.3309762,8451.503906
818.4726963,8174.506836
820.6134489,7925.876953
822.7532343,7690.817383
824.892053,7509.883789
827.0299053,7347.043945
829.1667918,7210.422852
831.3027128,7020.980469
833.4376686,6902.453125
835.5716599,6771.430664
837.7046868,6664.09668
839.8367499,6570.79248
841.9678496,6499.723145
844.0979863,6467.292969
846.2271604,6402.701172
848.3553723,6276.527344
850.4826224,6150.353516
852.6089111,6121.144531
854.7342389,6073.073242
856.8586062,6174.350586
858.9820133,6158.556641
861.1044607,6132.030273
863.2259488,6119.226563
865.346478,6103.509766
867.4660488,6054.212891
869.5846615,6020.708984
871.7023165,5974.709961
873.8190143,5986.363281
875.9347553,5917.286133
878.0495399,5855.033203
880.1633684,5805.583008
882.2762414,5794.160156
884.3881592,5773.076172
886.4991223,5710.055664
888.609131,5659.379883
890.7181858,5652.556641
892.8262871,5526.132813
894.9334352,5476.454102
897.0396307,5400.629883
899.1448738,5490.329102
901.2491651,5500.449219
903.352505,5499.914063
905.4548938,5458.130859
907.556332,5476.606445
909.6568199,5473.693359
911.7563581,5477.756836
913.8549469,5018.063477
915.9525867,4965.009766
918.0492779,4952.895996
920.1450209,5334.006836
922.2398163,5325.649414
924.3336643,5245.609375
926.4265654,5214.558594
928.5185199,5208.197266
930.6095284,5219.389648
932.6995913,5217.857422
934.7887088,5205.512695
936.8768815,5210.803223
938.9641098,5156.983398
941.050394,5134.05957
943.1357347,5129.842773
945.2201321,5146.479492
947.3035868,5162.349609
949.386099,5148.933594
951.4676694,5127.390625
953.5482981,5081.620117
955.6279858,5099.483398
957.7067327,5106
959.7845393,5084.457031
961.861406,5057.163086
963.9373332,5018.983398
966.0123214,4996.481934
968.0863709,4960.755859
970.1594821,4910.079102
972.2316556,4935.953125
974.3028916,4952.360352
976.3731906,5000.277344
978.442553,4957.34375
980.5109792,4961.253906
982.5784697,5005.566406
984.6450248,5044.513672
986.7106449,5039.990234
988.7753306,5031.172852
990.8390821,5175.15332
992.9018999,5089.51709
994.9637845,4991.077148
997.0247361,4786.759277
999.0847553,4775.414063
1001.143842,4753.716797
1003.201998,4752.259766
1005.259222,4724.966797
1007.315516,4713.543945
1009.370879,4513.594727
1011.425312,4465.066406
1013.478815,4416.305664
1015.53139,4544.494141
1017.583035,4569.410156
1019.633752,4624.992188
1021.683542,4595.323242
1023.732404,4591.03125
1025.780338,4499.874023
1027.827346,4508.078125
1029.873428,4491.364258
1031.918584,6663.560059
1033.962815,6660.032715
1036.00612,6659.11377
1038.048501,4489.676758
1040.089957,4446.207031
1042.13049,4416.459961
1044.1701,4447.817383
1046.208786,4441.299805
1048.24655,4446.896973
1050.283392,4391.772949
1052.319312,4378.739258
1054.354311,4285.666016
1056.388388,4267.878906
1058.421546,4247.946289
1060.453783,4340.17627
1062.4851,4358.269531
1064.515499,4374.21582
1066.544978,4307.363281
1068.573539,4265.656738
1070.601182,4232.536621
1072.627908,4237.367188
1074.653716,4254.310547
1076.678608,4208.845703
1078.702583,4185.692383
1080.725642,4147.819336
1082.747786,4144.676758
1084.769014,4116.00293
1086.789328,4119.990234
1088.808727,4119.606445
1090.827213,4087.559082
1092.844785,4082.806152
1094.861444,4096.913086
1096.877191,4105.959473
1098.892025,4062.643066
1100.905947,4026.303467
1102.918958,4007.673096
1104.931058,4001.463379
1106.942248,3982.987793
1108.952527,3980.533691
1110.961896,3960.062988
1112.970356,3933.843262
1114.977908,3873.276611
1116.98455,3898.116699
1118.990285,3898.959473
1120.995112,3946.263184
1122.999031,3917.973877
1125.002044,3870.134277
1127.00415,3831.493164
1129.005351,3805.963379
1131.005645,3808.033447
1133.005035,3854.800293
1135.003519,3828.810059
1137.001099,3827.430664
1138.997776,3791.550049
1140.993548,3797.913574
1142.988418,3806.806885
1144.982385,3787.4104
1146.975449,3742.023926
1148.967612,3740.56665
1150.958873,3691.959717
1152.949233,3701.313232
1154.938692,3683.220459
1156.927251,3708.749756
1158.91491,3720.863037
1160.90167,3726.229736
1162.88753,3693.187012
1164.872493,3680.000488
1166.856556,3671.33667
1168.839723,3689.736572
1170.821991,3668.345703
1172.803363,3621.426025
1174.783838,3597.123535
1176.763417,3601.953369
1178.742101,3619.203613
1180.719889,3631.31665
1182.696782,3624.953369
1184.672781,3629.399902
1186.647886,3593.136475
1188.622097,3610.616211
1190.595414,3580.256104
1192.567839,3581.559326
1194.539372,3550.280029
1196.510012,3553.423096
1198.479761,3553.653564
1200.448619,3554.343506
1202.416586,3535.790039
1204.383662,3498.338623
1206.349849,3460.887207
1208.315146,3437.349609
1210.279554,3395.029785
1212.243074,3436.199707
1214.205705,3452.91333
1216.167448,3407.143311
1218.128304,3434.513916
1220.088272,3446.626709
1222.047354,3472.84668
1224.00555,3452.300293
1225.96286,3435.663574
1227.919285,3431.216797
1229.874824,3444.786865
1231.829479,3445.859863
1233.78325,3447.547363
1235.736137,3399.86084
1237.688141,3403.92334
1239.639262,3398.173584
1241.5895,3370.956543
1243.538857,3336.916504
1245.487331,3317.366699
1247.434925,3364.133057
1249.381637,3349.414307
1251.327469,3350.717285
1253.272421,3325.263916
1255.216493,3321.660156
1257.159687,3307.016357
1259.102001,3322.733887
1261.043437,3325.876465
1262.983995,3296.589844
1264.923676,3290.763672
1266.862479,3300.42334
1268.800406,3300.806641
1270.737456,3284.629639
1272.67363,3243.920166
1274.608929,3235.180176
1276.543353,3209.42041
1278.476902,3217.854004
1280.409577,3211.796387
1282.341378,3231.422363
1284.272306,3214.096436
1286.20236,3200.104736
1288.131542,3186.113037
1290.059852,3195.159668
1291.98729,3191.863037
1293.913857,3170.702637
1295.839553,3135.28125
1297.764378,3096.642578
1299.688333,3151.077148
1301.611419,3173.232422
1303.533635,3171.31665
1305.454982,3165.642822
1307.375461,3130.300049
1309.295072,3112.437012
1311.213815,3102.623047
1313.13169,3090.816895
1315.048699,3113.66333
1316.964842,3110.136475
1318.880119,3132.82959
1320.79453,3110.13623
1322.708076,3109.446533
1324.620757,3106.073486
1326.532573,3113.126709
1328.443526,3072.876709
1330.353616,3071.956787
1332.262842,3054.247314
1334.171205,3060.533447
1336.078707,3031.706787
1337.985346,3053.709473
1339.891124,3061.835938
1341.796041,3098.942383
1343.700097,3082.306641
1345.603293,3097.179688
1347.505629,3007.250488
1349.407106,3007.020264
1351.307724,2972.979736
1353.207484,2962.630127
1355.106385,2952.280518
1357.004428,2987.623047
1358.901614,3023.043457
1360.797943,3052.789795
1362.693416,3057.773193
1364.588033,3057.006104
1366.481794,3093.040039
1368.3747,3065.516113
1370.26675,3046.50293
1372.157947,3043.551514
1374.048289,3010.507813
1375.937778,2995.155762
1377.826414,2995.567871
1379.714196,2959.893555
1381.601127,2924.219238
1383.487205,2970.526611
1385.372432,2979.036865
1387.256808,2973.59375
1389.140333,2952.739258
1391.023008,2937.636963
1392.904833,2951.206299
1394.785808,2951.590576
1396.665935,2951.513428
1398.545213,2937.942871
1400.423642,2933.343018
1402.301224,2925.140137
1404.177958,2948.600342
1406.053845,2933.362793
1407.928886,2896.457275
1409.80308,2908.019531
1411.676429,2899.215332
1413.548932,2890.411133
1415.420591,2917.090332
1417.291405,2914.483154
1419.161374,2936.25708
1421.0305,2922.456787
1422.898783,2925.446777
1424.766223,2904.900146
1426.632821,2923.760498
1428.498576,2890.410645
1430.36349,2904.708252
1432.227562,2893.783447
1434.090794,2926.289551
1435.953186,2925.331299
1437.814737,2944.843506
1439.675449,2944.690186
1441.535321,2926.596924
1443.394355,2913.870605
1445.252551,2924.987061
1447.109908,2938.940186
1448.966429,2949.558594
1450.822112,2932.538818
1452.676958,2928.015625
1454.530968,2908.196777
1456.384142,2861.966553
1458.236481,2875.69043
1460.087985,2878.757568
1461.938654,2914.637451
1463.788489,2874.156738
1465.63749,2874.310059
1467.485658,2889.106201
1469.332993,2924.06665
1471.179495,2896.619873
1473.025165,2864.956299
1474.870004,2810.369141
1476.714011,2834.213867
1478.557187,2835.668945
1480.399533,2893.552734
1482.241049,2886.653076
1484.081735,2896.849854
1485.921591,2868.866943
1487.760619,2912.489746
1489.598819,2963.93335
1491.43619,3047.193359
1493.272734,3092.042725
1495.108451,3125.929932
1496.943341,3132.830078
1498.777404,3118.339844
1500.610642,3154.526611
1502.443054,3207.273682
1504.274641,3258.716553
1506.105403,3284.169678
1507.935341,3331.703125
1509.764455,3390.046875
1511.592746,3389.969727
1513.420213,3370.113525
1515.246858,3313.150879
1517.072681,3323.423828
1518.897682,3357.195313
1520.721861,3371.01416
1522.54522,3384.833252
1524.367758,3427.996582
1526.189475,3434.666748
1528.010373,3407.066895
1529.830452,3423.626221
1531.649712,3430.526123
1533.468153,3423.31958
1535.285776,3406.83667
1537.102581,3387.209717
1538.918569,3415.960205
1540.733741,3414.886475
1542.548096,3398.480225
1544.361634,3356.313477
1546.174358,3332.240479
1547.986265,3303.412598
1549.797359,3283.096924
1551.607637,3242.923096
1553.417102,3187.952637
1555.225753,3133.137207
1557.033592,3083.687256
1558.840617,3080.390137
1560.64683,3094.726318
1562.452231,3061.146484
1564.256821,3053.249756
1566.060599,3021.279541
1567.863567,3012.463623
1569.665725,3000.810059
1571.467072,2973.133301
1573.267611,2960.330078
1575.06734,2919.083984
1576.866261,2929.43335
1578.664373,2969.070068
1580.461678,2947.449951
1582.258176,2933.343262
1584.053866,2911.723145
1585.84875,2931.350098
1587.642828,2895.776855
1589.4361,2854.606934
1591.228566,2824.936279
1593.020228,2794.269775
1594.811086,2781.466309
1596.601139,2750.186768
1598.390389,2739.06958
1600.178835,2726.572998
1601.966479,2717.83374
1603.75332,2714.843018
1605.539359,2682.413574
1607.324597,2690.616211
1609.109033,2723.88916
1610.892669,2711.469482
1612.675504,2583.053223
1614.457539,2530.766357
1616.238775,2479.246582
1618.019212,2584.509521
1619.79885,2577.763916
1621.57769,2613.33667
1623.355732,2606.590088
1625.132976,2590.643311
1626.909424,2614.869385
1628.685074,2585.966309
1630.459929,2571.706543
1632.233988,2532.376709
1634.007251,2538.432861
1635.779719,2568.256348
1637.551393,2594.86084
1639.322273,2626.983398
1641.092359,2612.416992
1642.861651,2599.306641
1644.630151,2595.856201
1646.397858,2590.873291
1648.164773,2595.702881
1649.930897,2584.816895
1651.696229,2596.23999
1653.46077,2592.560547
1655.224521,2598.233643
1656.987482,2589.033203
1658.749653,2611.19043
1660.511035,2569.866455
1662.271628,2564.883789
1664.031433,2525.552734
1665.79045,2556.679688
1667.548679,2555.376221
1669.306121,2555.682617
1671.062777,2550.316406
1672.818646,2555.069824
1674.573729,2549.089355
1676.328027,2552.616455
1678.081539,2564.807373
1679.834268,2573.546875
1681.586211,2584.51001
1683.337371,2549.396729
1685.087748,2540.274414
1686.837341,2510.911133
1688.586152,2504.202637
1690.334181,2525.745117
1692.081428,2531.744385
1693.827894,2515.615479
1695.573578,2521.504395
1697.318482,2527.393311
1699.062606,2488.600098
1700.805951,2484.76709
1702.548516,2520.109863
1704.290302,2528.007324
1706.03131,2557.216797
1707.771539,2510.603027
1709.510991,2505.1604
1711.249666,2523.636963
1712.987564,2537.590576
1714.724686,2554.303223
1716.461031,2529.616211
1718.196601,2554.07251
1719.931396,2540.119873
1721.665416,2525.246094
1723.398662,2530.153809
1725.131134,2543.876953
1726.862832,2562.736572
1728.593757,2548.322998
1730.32391,2542.266357
1732.05329,2548.706787
1733.781898,2534.905762
1735.509735,2529.92334
1737.236801,2528.390137
1738.963096,2544.796387
1740.688621,2543.56958
1742.413377,2508.457031
1744.137362,2518.040039
1745.860579,2520.647217
1747.583028,2550.776611
1749.304708,2554.687012
1751.02562,2547.249023
1752.745766,2514.513672
1754.465144,2475.489258
1756.183756,2459.390137
1757.901601,2513.669922
1759.618681,2519.804199
1761.334996,2533.527344
1763.050546,2503.626953
1764.765332,2493.736572
1766.479353,2515.049561
1768.192611,2504.393311
1769.905106,2503.473389
1771.616837,2485.149658
1773.327807,2492.203613
1775.038015,2499.946777
1776.747461,2495.729492
1778.456146,2500.023438
1780.16407,2490.516602
1781.871234,2463.375977
1783.577638,2469.970215
1785.283282,2458.086914
1786.988168,2462.685547
1788.692295,2447.813477
1790.395663,2463.83667
1792.098274,2512.367432
1793.800127,2519.956787
1795.501224,2514.513428
1797.201564,2484.766846
1798.901147,2504.240479
1800.599975,2535.596436
1802.298048,2482.927002
1803.995365,2451.416748
1805.691928,2421.439941
1807.387737,2463.376465
1809.082792,2490.822998
1810.777094,2490.82373
1812.470643,2514.436279
1814.16344,2497.569092
1815.855485,2508.686523
1817.546778,2523.406494
1819.237319,2510.220215
1820.92711,2479.783447
1822.616151,2432.479248
1824.304442,2453.869873
1825.991983,2472.423584
1827.678774,2472.27002
1829.364818,2465.370605
1831.050112,2433.706787
1832.734659,2464.910156
1834.418459,2445.81958
1836.101511,2418.603271
1837.783817,2398.823486
1839.465376,2380.959961
1841.146189,2445.206543
1842.826258,2449.806641
1844.505581,2488.753174
1846.184159,2462.763428
1847.861993,2477.176758
1849.539084,2441.75708
1851.215431,2461.613037
1852.891035,2442.292969
1854.565897,2431.636719
1856.240016,2416.686523
1857.913394,2408.023438
1859.58603,2423.125977
1861.257926,2442.139648
1862.929081,2419.830078
1864.599496,2430.256348
1866.269171,2409.25
1867.938107,2398.746338
1869.606304,2423.049805
1871.273763,2433.01709
1872.940484,2425.733887
1874.606467,2369.612793
1876.271713,2352.746094
1877.936222,2399.360352
1879.599995,2428.647217
1881.263032,2417.453125
1882.925334,2396.063477
1884.5869,2387.859863
1886.247732,2403.57666
1887.907829,2396.906982
1889.567192,2386.327148
1891.225822,2390.697266
1892.883719,2398.363281
1894.540884,2364.937012
1896.197316,2366.163086
1897.853016,2398.746338
1899.507985,2434.856934
1901.162223,2441.373779
1902.81573,2420.021729
1904.468507,2376.26416
1906.120555,2365.598145
1907.771873,2348.898926
1909.422462,2368.26416
1911.072322,2387.629639
1912.721455,2395.296631
1914.36986,2405.109619
1916.017537,2392.766357
1917.664488,2372.909668
1919.310712,2365.549561
1920.956211,2345.041748
1922.600983,2339.751953
1924.245031,2316.675293
1925.888353,2344.772949
1927.530951,2376.436768
1929.172826,2426.270264
1930.813976,2434.090088
1932.454404,2407.410645
1934.094109,2392.230957
1935.733091,2347.227539
1937.371352,2328.846191
1939.008891,2337.787354
1940.645709,2334.07373
1942.281807,2359.932129
1943.917184,2333.914307
1945.551841,2307.896484
1947.185779,2308.663574
1948.818998,2309.659912
1950.451498,2384.639893
1952.08328,2417.376221
1953.714344,2412.392822
1955.344691,2406.643066
1956.974321,2388.166504
1958.603235,2369.230225
1960.231432,2382.646484
1961.858914,2374.443359
1963.48568,2402.809814
1965.111731,2386.862793
1966.737068,2425.426514
1968.361691,2414.080322
1969.9856,2434.397217
1971.608796,2406.337158
1973.23128,2402.810303
1974.85305,2378.047119
1976.474109,2400.43335
1978.094456,2440.375977
1979.714092,2453.716309
1981.333018,2379.580322
1982.951233,2327.140137
1984.568738,2348.2229
1986.185533,2395.526611
1987.801619,2411.013428
1989.416997,2369.843506
1991.031667,2416.916504
1992.645628,2419.446289
1994.258882,2435.009277
1995.871429,2421.056152
1997.48327,2416.379883
1999.094404,2420.827148
2000.704832,2409.556396
2002.314555,2413.467041
2003.923573,2408.17627
2005.531887,2373.063232
2007.139496,2367.389893
2008.746402,2368.540527
2010.352604,2400.51001
2011.958103,2389.393555
2013.5629,2396.216309
2015.166995,2377.050293
2016.770388,2399.743652
2018.37308,2384.026611
2019.975071,2364.169922
2021.576361,2376.129395
2023.176952,2364.092773
2024.776843,2334.806396
2026.376034,2345.15625
2027.974527,2355.506348
2029.572322,2350.063965
2031.169419,2374.443115
2032.765818,2360.33667
2034.36152,2377.51001
2035.956525,2352.133545
2037.550834,2339.445313
2039.144447,2326.757324
2040.737364,2348.83667
2042.329587,2328.903076
2043.921114,2344.083008
2045.511948,2338.179932
2047.102088,2319.473633
2048.691534,2313.723145
2050.280287,2286.583252
2051.868348,2299.540283
2053.455717,2299.080078
2055.042393,2297.316406
2056.628379,2310.426758
2058.213673,2300.612793
2059.798277,2309.583496
2061.382191,2308.432861
2062.965415,2311.115723
2064.54795,2317.479248
2066.129796,2311.346924
2067.710954,2316.866455
2069.291423,2310.579346
2070.871205,2265.423828
2072.4503,2247.331055
2074.028707,2259.828125
2075.606429,2306.440918
2077.183464,2265.347168
2078.759814,2242.653564
2080.335479,2250.090088
2081.910459,2306.51709
2083.484754,2319.856934
2085.058366,2294.47998
2086.631294,2287.042725
2088.203539,2281.983154
2089.775102,2271.325928
2091.345982,2263.967041
2092.91618,2250.703125
2094.485697,2247.483643
2096.054533,2231.230225
2097.622688,2210.529785
2099.190163,2212.369873
2100.756958,2232.302979
2102.323074,2229.466064
2103.888511,2227.396729
2105.453269,2187.224121
2107.017349,2219.424072
2108.580752,2234.910156
2110.143477,2194.813232
2111.705525,2170.356689
2113.266897,2154.563232
2114.827592,2207.999756
2116.387612,2216.202881
2117.946957,2192.206787
2119.505627,2206.696289
2121.063622,2175.646484
2122.620944,2171.660156
2124.177592,2163.379395
2125.733566,2178.330811
2127.288868,2203.400146
2128.843498,2197.803955
2130.397455,2194.583252
2131.950741,2183.696533
2133.503356,2163.917236
2135.055301,2149.426758
2136.606575,2116.689453
2138.157179,2099.209717
2139.707113,2115.616455
2141.256379,2118.453369
2142.804976,2147.433838
2144.352904,2128.572998
2145.900165,2138.694336
2147.446758,2082.42041
2148.992685,2057.427734
2150.537945,2081.806641
2152.082538,2092.77002
2153.626466,2128.266113
2155.169729,2085.716309
2156.712327,2121.519775
2158.25426,2123.359863
2159.795529,2145.133545
2161.336134,2122.210205
2162.876076,2084.720215
2164.415355,2052.749268
2165.953972,2062.716553
2167.491927,2037.7229
2169.02922,2044.201172
2170.565852,2034.426392
2172.101823,2024.651611
2173.637134,1998.163818
2175.171784,2014.800293
2176.705775,2034.887207
2178.239107,2053.976563
2179.771781,2038.643799
2181.303796,2022.006348
2182.835153,1996.629639
2184.365852,2021.7771
2185.895895,2022.620361
2187.42528,2031.666504
2188.95401,2036.572754
2190.482084,2015.183105
2192.009502,1992.106934
2193.536265,1942.350342
2195.062374,1922.953369
2196.587828,1921.803223
2198.112629,1925.25415
2199.636776,1932.689453
2201.16027,1938.823242
2202.683112,1945.186768
2204.205302,1940.73999
2205.72684,1945.3396
2207.247726,1927.783447
2208.767962,1929.08667
2210.287547,1929.239746
2211.806482,1938.977051
2213.324768,1932.460938
2214.842404,1918.429932
2216.359392,1913.753418
2217.875731,1904.476807
2219.391422,1884.773682
2220.906465,1864.840088
2222.420862,1843.604004
2223.934611,1872.58374
2225.447714,1869.363525
2226.960171,1863.919434
2228.471983,1821.062988
2229.98315,1802.433594
2231.493672,1811.557373
2233.003549,1840.919922
2234.512783,1845.13623
2236.021373,1821.98291
2237.529321,1757.50708
2239.036625,1732.283936
2240.543288,1742.787109
2242.049308,1797.143066
2243.554687,1833.330078
2245.059425,1816.77002
2246.563523,1710.433594
2248.066981,1683.829834
2249.569798,1681.91333
2251.071977,1727.376953
2252.573516,1732.129883
2254.074417,1719.480469
2255.57468,1727.145996
2257.074305,1717.333496
2258.573293,1718.636475
2260.071644,1720.169678
2261.569359,1694.486084
2263.066437,1687.434082
2264.56288,1684.904297
2266.058688,1699.010498
2267.553861,1706.830078
2269.0484,1700.92627
2270.542304,1680.609375
2272.035576,1679.996094
2273.528213,1660.293213
2275.020219,1646.953125
2276.511592,1604.096924
2278.002333,1617.973389
2279.492442,1626.865967
2280.981921,1634.533203
2282.470768,1609.309082
2283.958986,1598.883545
2285.446574,1581.403076
2286.933532,1580.713623
2288.419861,1574.656982
2289.905562,1539.1604
2291.390635,1527.046631
2292.875079,1529.270264
2294.358897,1563.309814
2295.842087,1580.099854
2297.324651,1567.06665
2298.806589,1537.24292
2300.287901,1500.82666
2301.768588,1513.169678
2303.24865,1505.42627
2304.728087,1513.400391
2306.2069,1483.652832
2307.68509,1500.519531
2309.162657,1478.899658
2310.6396,1471.079834
2312.115922,1485.49292
2313.591621,1527.736328
2315.066699,1492.393066
2316.541155,1469.622803
2318.014991,1426.000244
2319.488206,1451.759521
2320.960802,1449.305908
2322.432778,1415.190186
2323.904135,1432.977051
2325.374873,1432.669434
2326.844993,1476.446777
2328.314495,1454.136475
2329.78338,1451.070557
2331.251647,1423.086426
2332.719298,1392.802979
2334.186333,1378.696289
2335.652752,1424.772949
2337.118556,1425.693359
2338.583744,1405.98999
2340.048318,1368.193359
2341.512278,1368.499756
2342.975624,1414.346191
2344.438357,1374.556152
2345.900477,1313.912109
2347.361985,1257.40918
2348.82288,1254.037109
2350.283164,1305.479736
2351.742836,1307.550049
2353.201898,1302.030029
2354.660349,1299.346191
2356.11819,1281.636475
2357.575422,1271.746582
2359.032044,1269.522949
2360.488058,1266.073242
2361.943463,1252.656738
2363.39826,1212.406494
2364.85245,1198.376709
2366.306032,1194.849854
2367.759008,1187.33667
2369.211378,1177.906738
2370.663141,1194.390381
2372.1143,1217.851563
2373.564853,1221.683594
2375.014801,1182.125
2376.464145,1164.413574
2377.912886,1151.533203
2379.361023,1164.873047
2380.808557,1156.899658
2382.255488,579.3696289
2383.701818,574.6928711
2385.147545,583.0498047
2386.592671,1177.830322
2388.037196,1163.340332
2389.481121,1159.276123
2390.924446,1147.699951
2392.367171,1146.703613
2393.809296,1106.453613
2395.250823,1115.72998
2396.691751,1125.466797
2398.132081,1146.856689
2399.571814,1098.32666
2401.010949,1069.42334
2402.449488,460.9970703
2403.88743,472.1137695
2405.324776,465.3671875
2406.761527,1035.99707
2408.197682,1039.523193
2409.633243,1031.089844
2411.068209,1020.81665
2412.502582,1043.81665
2413.936361,1042.590332
2415.369547,1048.416992
2416.80214,1033.006836
2418.234141,1020.356934
2419.66555,1026.030762
2421.096368,983.8637695
2422.526594,979.1098633
2423.95623,970.2163086
2425.385276,977.8825684
2426.813732,971.0603027
2428.241599,974.2800293
2429.668877,963.9299316
2431.095566,985.3967285
2432.521667,987.2363281
2433.94718,1003.642578
2435.372106,977.3461914
2436.796445,940.4697266
2438.220198,941.1604004
2439.643364,936.6367188
2441.065945,957.7971191
2442.487941,939.3969727
2443.909351,936.1003418
2445.330178,546.786499
2446.75042,382.8346558
2448.170079,612.0108643
2449.589154,841.1870117
2451.007647,852.6098633
2452.425558,902.9804688
2453.842886,909.8803711
2455.259633,889.1804199
2456.675799,885.9602051
2458.091384,866.1804199
2459.506389,874.1538086
2460.920814,851.9970703
2462.334659,848.623291
2463.747926,832.9067383
2465.160614,836.4331055
2466.572723,822.4802246
2467.984255,807.3000488
2469.395209,801.7028809
2470.805587,806.380127
2472.215388,805.3063965
2473.624612,807.4533691
2475.033261,790.0500488
2476.441335,805.2299805
2477.848833,788.8996582
2479.255758,800.6298828
2480.662108,771.2661133
2482.067884,747.2692871
2483.473087,748.6496582
2484.877717,716.7570801
2486.281775,736.6132813
2487.685261,711.8500977
2489.088175,771.6496582
2490.490518,754.1706543
2491.89229,768.9672852
2493.293491,723.8864746
2494.694123,734.1601563
2496.094185,727.7966309
2497.493678,756.623291
2498.892603,747.8068848
2500.290959,738.376709
2501.688747,709.6262207
2503.085967,721.3566895
2504.482621,723.043457
2505.878708,702.1132813
2507.274228,666.3867188
2508.669183,652.2036133
2510.063572,656.8803711
2511.457397,704.4133301
2512.850656,720.2451172
2514.243352,736.0769043
2515.635484,686.2436523
2517.027052,674.2832031
2518.418057,641.623291
2519.8085,655.9599609
2521.198381,649.5202637
2522.5877,632.8830566
2523.976458,638.4797363
2525.364655,662.9370117
2526.752291,663.1660156
2528.139367,656.265625
2529.525884,634.4931641
2530.911841,646.7602539
2532.29724,631.1201172
2533.68208,624.7563477
2535.066363,603.9033203
2536.450087,581.5166016
2537.833255,588.7998047
2539.215865,630.8134766
2540.59792,638.4030762
2541.979418,629.8166504
2543.360361,596.3134766
2544.740749,606.5100098
2546.120582,610.4968262
2547.499861,586.0400391
2548.878585,584.9667969
2550.256757,568.9433594
2551.634375,595.5466309
2553.011441,600.8366699
2554.387955,586.2702637
2555.763917,582.0529785
2557.139327,573.3898926
2558.514186,571.8566895
2559.888495,568.1767578
2561.262254,542.1101074
2562.635463,551.003418
2564.008123,527.3134766
2565.380233,499.1772461
2566.751795,491.9702148
2568.12281,484.0737305
2569.493276,532.4499512
2570.863195,554.1464844
2572.232568,560.6633301
2573.601393,529.1535645
2574.969673,502.0136719
2576.337408,498.7167969
2577.704597,496.1867676
2579.071241,494.8068848
2580.437341,479.2436523
2581.802897,484.6098633
2583.167909,493.1962891
2584.532379,511.4433594
2585.896305,486.6799316
2587.259689,474.7961426
2588.622532,462.9130859
2589.984833,464.2167969
2591.346592,452.9467773
2592.707811,459.8466797
2594.06849,479.0898438
2595.428629,475.4101563
2596.788229,482.6933594
2598.14729,500.0202637
2599.505812,507.7636719
2600.863796,453.0236816
2602.221242,430.1772461
2603.57815,425.2702637
2604.934522,435.5437012
2606.290357,444.513916
2607.645657,441.6765137
2609.00042,444.1298828
2610.354648,434.3166504
2611.708342,432.2463379
2613.0615,455.5534668
2614.414125,442.75
2615.766216,444.5900879
2617.117774,431.5566406
2618.468799,416.0703125
2619.819292,392.3032227
2621.169253,392.8398438
2622.518682,394.5266113
2623.86758,398.7431641
2625.215947,401.5039063
2626.563784,431.8632813
2627.911091,444.8967285
2629.257868,437.0769043
2630.604117,393.3769531
2631.949836,374.7470703
2633.295028,359.7199707
2634.639691,367.923584
2635.983827,376.8166504
2637.327436,371.9094238
2638.670519,391.6899414
2640.013075,395.90625
2641.355106,412.6201172
2642.696611,395.677002
2644.037591,371.6796875
2645.378046,343.0068359
2646.717978,309.1196289
2648.057385,321.2333984
2649.39627,338.1000977
2650.734631,386.4765625
2652.07247,398.590332
2653.409787,364.8574219
2654.746582,358.0336914
2656.082856,333.8837891
2657.418609,375.3603516
2658.753842,334.4970703
2660.088555,327.1367188
2661.422748,306.3596191
2662.756422,326.8300781
2664.089577,354.4299316
2665.422214,335.5700684
2666.754332,330.4335938
2668.085934,295.5498047
2669.417018,302.0664063
2670.747585,289.4165039
2672.077636,290.1833496
2673.407172,293.173584
2674.736191,294.3999023
2676.064696,315.4064941
2677.392686,323.1496582
2678.720162,339.4033203
2680.047124,312.0332031
2681.373573,306.8964844
2682.699508,313.4135742
2684.024931,299.3066406
2685.349842,271.0935059
2686.674241,225.706543
2687.998129,220.800293
2689.321506,244.0300293
2690.644372,267.0305176
2691.966729,288.2668457
2693.288575,284.1264648
2694.609912,283.7436523
2695.930741,286.9633789
2697.251061,281.9794922
2698.570872,264.1933594
2699.890177,241.9594727
2701.208974,236.4401855
2702.527264,259.9001465
2703.845048,259.8996582
2705.162326,281.8261719
2706.479098,279.7568359
2707.795365,296.3935547
2709.111128,281.6733398
2710.426386,271.4003906
2711.74114,227.3164063
2713.055391,227.7766113
2714.369138,222.8701172
2715.682383,290.4897461
2716.995126,278.2998047
2718.307367,276.5366211
2719.619106,250.8530273
2720.930344,271.2460938
2722.241082,284.7397461
2723.55132,288.5727539
2724.861057,264.4995117
2726.170296,231.3803711
2727.479035,225.0166016
2728.787276,234.1396484
2730.095019,261.3566895
2731.402264,253.0769043
2732.709012,282.5168457
2734.015262,281.2133789
2735.321017,285.3535156
2736.626275,244.796875
2737.931038,206.0029297
2739.235305,175.2597656
2740.539078,138.7668457
2741.842356,195.1933594
2743.14514,223.7128906
2744.447431,272.5500488
2745.749228,249.1662598
2747.050533,240.1967773
2748.351345,243.0336914
2749.651665,243.4936523
2750.951494,258.2897949
2752.250832,251.1599121
2753.549679,253.7661133
2754.848035,252.6936035
2756.145902,235.2138672
2757.443279,219.0368652
2758.740168,209.8366699
2760.036567,209.1464844
2761.332479,212.9030762
2762.627903,199.3334961
2763.922839,220.0336914
2765.217288,212.826416
2766.511251,217.5800781
2767.804727,202.5532227
2769.097718,194.1201172
2770.390224,176.1032715
2771.682244,193.1999512
2772.97378,198.4899902
2774.264832,237.4370117
2775.5554,206.9230957
2776.845485,209.5300293
2778.135087,198.2602539
2779.424207,197.2634277
2780.712845,208.7636719
2782.001001,179.4001465
2783.288675,203.013916
2784.57587,190.8999023
2785.862583,208.916748
2787.148817,213.4396973
2788.434571,207.536377
2789.719846,219.5732422
2791.004642,184.8430176
2792.28896,181.6230469
2793.5728,157.8569336
2794.856163,167.0561523
2796.139048,164.7568359
2797.421457,173.956543
2798.70339,182.0825195
2799.984846,157.3964844
2801.265828,132.6335449
2802.546334,118.0664063
2803.826366,150.8034668
2805.105923,142.369873
2806.385007,163.9899902
2807.663617,154.4829102
2808.941755,174.9533691
2810.21942,141.1430664
2811.496612,136.0068359
2812.773334,137.425293
2814.049583,151.9921875
2815.325362,171.3120117
2816.600671,174.3398438
2817.875509,171.0439453
2819.149878,160.0800781
2820.423777,147.046875
2821.697208,153.0266113
2822.97017,151.8000488
2824.242664,169.2802734
2825.514691,198.1835938
2826.786251,190.5170898
2828.057343,190.4399414
2829.32797,157.1281738
2830.59813,153.7929688
2831.867825,146.5102539
2833.137055,125.3117676
2834.40582,126.0402832
2835.674121,145.8964844
2836.941958,162.9938965
2838.209332,189.9035645
2839.476242,137.7695313
2840.74269,147.1992188
2842.008676,149.2695313
2843.2742,179.8601074
2844.539262,184.3066406
2845.803864,154.3305664
2847.068005,131.40625
2848.331686,128.7998047
2849.594907,129.6433105
2850.857669,187.2202148
2852.119972,167.2094727
2853.381816,173.496582
2854.643202,140.5292969
2855.904131,162.9934082
2857.164602,176.1032715
2858.424617,148.0437012
2859.684175,130.3334961
2860.943277,118.2197266
2862.201923,147.2766113
2863.460115,166.5966797
2864.717851,176.9467773
2865.975133,168.0532227
2867.231961,166.213623
2868.488336,138.3066406
2869.744257,150.1132813
2870.999726,115.3066406
2872.254743,118.5266113
2873.509307,87.32324219
2874.76342,125.8867188
2876.017082,149.576416
2877.270294,169.5097656
2878.523055,158.0100098
2879.775366,122.206543
2881.027228,106.7199707
2882.278641,102.9638672
2883.529605,114.6169434
2884.780121,136.3901367
2886.03019,124.3535156
2887.279811,132.0961914
2888.528985,129.1069336
2889.777712,148.9633789
2891.025994,138.6901855
2892.27383,136.5432129
2893.52122,1156.439453
2894.768166,1190.019531
2896.014667,1193.392578
2897.260724,78.39160156
2898.506337,130.0646973
2899.751507,155.0585938
2900.996235,183.4638672
2902.24052,182.2370605
2903.484363,158.4699707
2904.727764,148.5800781
2905.970725,122.2836914
2907.213244,120.9797363
2908.455323,139.7634277
2909.696963,136.5432129
2910.938163,140.7600098
2912.178923,102.427002
2913.419245,128.8000488
2914.659129,135.3166504
2915.898575,152.3366699
2917.137584,157.5498047
2918.376155,148.4267578
2919.61429,144.8232422
2920.851988,111.5498047
2922.089251,100.5869141
2923.326079,101.8134766
2924.562471,126.9599609
2925.798429,147.7368164
2927.033953,155.7099609
2928.269043,152.029541
2929.5037,132.4794922
2930.737924,121.2866211
2931.971715,107.4868164
2933.205074,109.2502441
2934.438002,83.56713867
2935.670498,113.6196289
2936.902564,123.4333496
2938.134199,142.0629883
2939.365404,128.1098633
2940.59618,125.4267578
2941.826526,118.5270996
2943.056444,106.4135742
2944.285933,104.7265625
2945.514994,96.6003418
2946.743628,108.1765137
2947.971835,113.5429688
2949.199615,129.8730469
2950.426968,131.2529297
2951.653896,110.0166016
2952.880398,111.8564453
2954.106475,107.2568359
2955.332128,117.5300293
2956.557356,118.9868164
2957.782161,107.7160645
2959.006542,108.713623
2960.2305,101.2766113
2961.454036,99.89697266
2962.677149,114.6938477
2963.899841,118.1430664
2965.122111,126.5
2966.34396,117.7600098
2967.565389,91.38671875
2968.786398,112.9316406
2970.006987,99.36132813
2971.227157,114.3886719
2972.446908,92.30664063
2973.66624,76.35986328
2974.885155,73.5234375
2976.103652,74.97973633
2977.321731,98.82373047
2978.539394,115.3833008
2979.75664,94.14672852
2980.973471,94.14648438
2982.189886,76.51367188
2983.405886,87.40039063
2984.621471,67.92675781
2985.836641,62.25317383
2987.051398,54.43334961
2988.265741,53.359375
2989.479672,66.31591797
2990.693189,78.73632813
2991.906294,68.99975586
2993.118988,73.90673828
2994.33127,62.56005859
2995.543141,74.97973633
2996.754601,57.11645508
2997.965651,49.60302734
2999.176292,54.50976563
3000.386523,60.10644531
3001.596345,75.82299805
3002.805759,73.83007813
3004.014764,73.06347656
3005.223362,73.75390625
3006.431552,74.06005859
3007.639336,79.80957031
3008.846713,65.08984375
3010.053684,47.91699219
3011.260249,14.87353516
3012.466409,35.34326172
3013.672164,39.94384766
3014.877515,60.18310547
3016.082462,67.31347656
3017.287005,61.71655273
3018.491146,51.8269043
3019.694883,21.54321289
3020.898218,47.2265625
3022.101151,64.47680664
3023.303682,75.67041016
3024.505813,81.19042969
3025.707543,62.33007813
3026.908872,62.86694336
3028.109802,61.94677734
3029.310332,87.85986328
3030.510463,107.1030273
3031.710195,89.77661133
3032.909529,70.3034668
3034.108466,33.19702148
3035.307005,44.85009766
3036.505147,64.32373047
3037.702892,83.25976563
3038.900242,68.00341797
3040.097195,63.94042969
3041.293754,70.68603516
3042.489917,78.4296875
3043.685686,67.77294922
3044.88106,62.55981445
3046.076041,52.82324219
3047.270629,27.14038086
3048.464824,14.79663086
3049.658627,17.86352539
3050.852037,29.36328125
3052.045056,42.55004883
3053.237684,24.38037109
3054.429921,43.93017578
3055.621767,48.68310547
3056.813224,75.21020508
3058.004291,71.0703125
3059.194968,46.23046875
3060.385258,34.65332031
3061.575158,40.86328125
3062.764671,57.5769043
3063.953797,62.0234375
3065.142535,43.54589844
3066.330887,60.71875
3067.518852,58.7265625
3068.706432,56.88671875
3069.893626,37.18359375
3071.080435,33.50366211
3072.26686,58.80322266
3073.4529,64.32348633
3074.638557,53.12988281
3075.82383,32.27685547
3077.008721,34.80615234
3078.193228,58.26660156
3079.377354,53.74316406
3080.561098,16.63671875
3081.744461,29.74658203
3082.927443,34.27026367
3084.110044,32.04614258
3085.292265,18.01660156
3086.474107,32.04638672
3087.65557,62.02294922
3088.836653,52.51660156
3090.017358,34.49975586
3091.197686,26.60327148
3092.377635,29.74707031
3093.557208,57.34667969
3094.736404,51.3671875
3095.915223,39.94433594
3097.093666,18.70703125
3098.271734,32.27661133
3099.449427,62.40673828
3100.626745,58.41992188
3101.803689,74.36669922
3102.980259,52.36352539
3104.156456,52.36328125
3105.33228,25.45361328
3106.507731,44.92626953
3107.682809,64.01611328
3108.857516,61.48632813
3110.031852,50.29296875
3111.205816,51.78808594
3112.37941,63.59472656
3113.552634,88.28173828
3114.725489,84.56298828
3115.897973,81.49633789
3117.070089,41.85986328
3118.241837,25.75976563
3119.413216,38.71679688
3120.584228,20.69970703
3121.754872,23.91992188
3122.92515,30.66625977
3124.095061,38.25683594
3125.264606,74.13671875
3126.433786,53.97314453
3127.6026,72.91015625
3128.77105,48.83642578
3129.939135,45.08032227
3131.106856,54.81689453
3132.274214,54.89355469
3133.441209,71.98999023
3134.60784,79.81030273
3135.77411,62.94335938
3136.940018,52.51708984
3138.105564,19.01318359
3139.270749,17.32617188
3140.435574,29.51660156
3141.600038,49.60302734
3142.764142,75.43969727
3143.927887,63.70996094
3145.091274,64.01660156
3146.254301,40.40380859
3147.41697,48.30004883
3148.579282,57.34643555
3149.741236,58.95654297
3150.902833,49.14282227
3152.064074,23.45996094
3153.224959,35.18969727
3154.385488,50.36914063
3155.545661,42.62597656
3156.70548,52.20947266
3157.864944,31.05004883
3159.024055,21.46740723
3160.182811,11.88476563
3161.341215,9.200195313
3162.499265,13.953125
3163.656964,28.67285156
3164.81431,47.14990234
3165.971305,67.46679688
3167.127948,58.34375
3168.284241,63.09692383
3169.440184,81.72680664
3170.595776,69.99609375
3171.751019,57.04003906
3172.905913,36.80029297
3174.060458,50.44628906
3175.214655,29.28637695
3176.368505,3.143066406
3177.522006,30.43652344
3178.675161,51.36621094
3179.827969,55.50732422
3180.980431,41.32324219
3182.132547,28.44287109
3183.284318,46.76635742
3184.435744,51.97973633
3185.586825,51.82617188
3186.737562,33.96289063
3187.887956,22.00341797
3189.038006,23.61352539
3190.187713,21.92724609
3191.337078,28.3671875
3192.4861,57.27001953
3193.634781,53.12988281
3194.783121,47.83984375
3195.93112,18.01660156
3197.078779,32.58300781
3198.226097,28.36669922
3199.373076,19.62670898
3200.519716,8.509765625
3201.666017,10.50292969
3202.811979,19.55029297
3203.957604,19.39648438
3205.102891,17.09667969
3206.247841,30.66625977
3207.392454,52.59301758
3208.536731,48.45336914
3209.680672,41.16992188
3210.824278,24.37939453
3211.967549,15.1796875
3213.110485,24.91796875
3214.253087,1.76171875
3215.395354,4.67578125
3216.537289,42.55078125
3217.678891,19.77978516
3218.82016,26.296875
3219.961096,33.73339844
3221.101701,40.40332031
3222.241975,4.216796875
3223.381918,9.966796875
3224.52153,7.359863281
3225.660813,32.96728516
3226.799765,54.20361328
3227.938388,52.82324219
3229.076683,63.25
3230.214649,64.32299805
3231.352287,55.96655273
3232.489597,48.06982422
3233.62658,12.26660156
3234.763236,23.15332031
3235.899566,24.53295898
3237.03557,37.26000977
3238.171249,27.6003418
3239.306602,18.09301758
3240.44163,42.16650391
3241.576335,47.22680664
3242.710715,21.16015625
3243.844772,7.743164063
3244.978506,26.67993164
3246.111917,12.03710938
3247.245005,0.229736328
3248.377772,28.28955078
3249.510218,45.46313477
3250.642343,42.24365234
3251.774147,20.62353516
3252.90563,9.506347656
3254.036794,6.209960938
3255.167639,2.68359375
3256.298165,2.990234375
3257.428372,26.06689453
3258.558261,31.12670898
3259.687832,38.87011719
3260.817086,13.4934082
3261.946023,4.063476563
3263.074644,22.76977539
3264.202948,29.90014648
3265.330937,34.80664063
3266.458611,15.25683594
3267.58597,20.4699707
3268.713014,33.19677734
3269.839745,42.70361328
3270.966162,29.90039063
3272.092265,34.4230957
3273.218056,34.65332031
3274.343535,45.76953125
3275.468702,31.74023438
3276.593557,14.33642578
3277.718101,9.199951172
3278.842334,7.819824219
3279.966257,19.77929688
3281.089871,21.38964844
3282.213174,18.78271484
3283.336169,29.59350586
3284.458855,3.833007813
3285.581233,14.87304688
3286.703303,31.35595703
3287.825066,47.1496582
3288.946522,36.953125
3290.067671,16.94335938
3291.188514,12.65014648
3292.309051,2.68359375
3293.429283,23
3294.54921,39.33007813
3295.668833,21.85009766
3296.788151,2.759765625
3297.907166,32.19921875
3299.025878,11.95947266
3300.144286,4.293457031
3301.262392,25.37646484
3302.380197,14.64306641
3303.497699,31.97021484
3304.614901,5.750488281
3305.731801,0.306640625
3306.848402,2.0703125
3307.964702,18.40039063
3309.080703,36.56982422
3310.196404,36.4934082
3311.311807,29.05664063
3312.426912,13.5703125
3313.541718,0.843261719
3314.656228,70.83984375
3315.77044,45.61621094
3316.884355,61.02661133
3317.997975,8.050048828
3319.111298,22.15649414
3320.224326,17.94018555
3321.337059,1.686523438
3322.449497,14.95019531
3323.561642,23
3324.673492,20.46972656
3325.785049,13.72338867
3326.896314,33.73339844
3328.007285,9.736328125
3329.117965,9.889404297
3330.228353,32.35302734
3331.338449,50.98339844
3332.448255,37.33642578
3333.55777,37.48999023
3334.666995,31.20336914
3335.775931,26.75683594
3336.884577,49.68041992
3337.992935,30.28320313
3339.101004,38.9465332
3340.208785,20.70019531
3341.316278,14.0300293
3342.423485,25.68334961
3343.530404,26.98632813
3344.637038,4.599609375
3345.743385,15.48730469
3346.849447,2.989746094
3347.955224,20.92993164
3349.060716,6.669921875
3350.165924,5.442871094
3351.270848,4.907226563
3352.375488,15.71630859
3353.479846,33.2734375
3354.583921,42.77978516
3355.687713,26.75683594
3356.791224,29.28710938
3357.894454,14.03027344
3358.997402,15.87011719
3360.10007,63.70947266
3361.202458,41.09375
3362.304566,41.17089844
3363.406395,8.739746094
3364.507945,19.93359375
3365.609216,11.65380859
3366.71021,2.376220703
3367.810925,52.51660156
3368.911364,51.48168945
3370.011525,64.86010742
3371.111411,56.50341797
3372.21102,52.70849609
3373.310353,54.66381836
3374.409412,34.34619141
3375.508195,23.38305664
3376.606705,19.62646484
3377.70494,14.56640625
3378.802902,13.33984375
3379.90059,12.87963867
3380.998006,11.80664063
3382.09515,1.992675781
3383.192022,35.80273438
3384.288622,12.80273438
3385.384951,12.19018555
3386.48101,31.04980469
3387.576798,8.586669922
3388.672317,30.51342773
3389.767566,32.65966797
3390.862546,50.94482422
3391.957257,23.65136719
3393.051701,15.14111328
3394.145876,4.140380859
3395.239785,11.88354492
3396.333426,10.7331543
3397.426801,2.837158203
3398.51991,26.21972656
3399.612753,7.896484375
3400.70533,1.993652344
3401.797643,12.34326172
3402.889692,3.449902296
