Wavelength(nm),Null,Intensity
533.251,50.5,61041.235
533.381,50.5,61029.535
533.511,50.5,61242.128
533.641,50.5,61148.441
533.771,50.5,61150.570999999996
533.902,50.5,61157.16099999999
534.032,50.5,61121.812000000005
534.162,50.5,61144.628
534.292,50.5,61144.761
534.422,50.5,61138.383
534.553,50.5,61141.35
534.683,50.5,61137.513
534.813,50.5,61145.977999999996
534.943,50.5,61129.117999999995
535.073,50.5,61145.935999999994
535.204,50.5,61121.740999999995
535.334,50.5,61132.375
535.464,50.5,61121.324
535.594,50.5,61121.19
535.724,50.5,61105.192
535.854,50.5,61124.416
535.985,50.5,61111.939000000006
536.115,50.5,61113.025
536.245,50.5,61116.947
536.375,50.5,61121.483
536.505,50.5,61106.925
536.635,50.5,61121.752
536.766,50.5,61119.316
536.896,50.5,61121.634000000005
537.026,50.5,61118.924000000006
537.156,50.5,61128.849
537.286,50.5,61117.401
537.416,50.5,61132.612
537.547,50.5,61121.649000000005
537.677,50.5,61137.975999999995
537.807,50.5,61127.267
537.937,50.5,61141.47900000001
538.067,50.5,61138.135
538.197,50.5,61141.199
538.327,50.5,61146.308
538.458,50.5,61153.133
538.588,50.5,61145.387
538.718,50.5,61158.389
538.848,50.5,61158.14599999999
538.978,50.5,61164.474
539.108,50.5,61163.747
539.238,50.5,61170.244000000006
539.369,50.5,61163.337999999996
539.499,50.5,61180.435999999994
539.629,50.5,61174.005999999994
539.759,50.5,61181.594000000005
539.889,50.5,61170.032
540.019,50.5,61190.178
540.149,50.5,61191.527
540.279,50.5,61189.165
540.41,50.5,61200.747
540.54,50.5,61212.635
540.67,50.5,61190.352999999996
540.8,50.5,61215.597
540.93,50.5,61209.724
541.06,50.5,61223.136
541.19,50.5,61219.849
541.32,50.5,61218.901
541.451,50.5,61220.822
541.581,50.5,61242.871
541.711,50.5,61230.982
541.841,50.5,61249.212
541.971,50.5,61234.149000000005
542.101,50.5,61253.655999999995
542.231,50.5,61255.263
542.361,50.5,61251.53599999999
542.491,50.5,61257.032
542.622,50.5,61280.349
542.752,50.5,61259.21400000001
542.882,50.5,61276.222
543.012,50.5,61275.97900000001
543.142,50.5,61284.570999999996
543.272,50.5,61294.829000000005
543.402,50.5,61290.064000000006
543.532,50.5,61289.73
543.662,50.5,61302.012
543.792,50.5,61299.441
543.923,50.5,61309.575
544.053,50.5,61310.099
544.183,50.5,61324.365
544.313,50.5,61323.154
544.443,50.5,61325.996
544.573,50.5,61333.35
544.703,50.5,61350.52
544.833,50.5,61340.374
544.963,50.5,61358.749
545.093,50.5,61360.113
545.223,50.5,61368.687999999995
545.354,50.5,61374.456
545.484,50.5,61369.58900000001
545.614,50.5,61373.529
545.744,50.5,61387.82
545.874,50.5,61387.753
546.004,50.5,61391.944
546.134,50.5,61409.22
546.264,50.5,61408.236
546.394,50.5,61409.54
546.524,50.5,61413.413
546.654,50.5,61423.769
546.784,50.5,61438.502
546.914,50.5,61437.42
547.044,50.5,61446.418
547.174,50.5,61449.013
547.305,50.5,61460.755999999994
547.435,50.5,61463.917
547.565,50.5,61466.84099999999
547.695,50.5,61473.607
547.825,50.5,61495.390999999996
547.955,50.5,61482.777
548.085,50.5,61496.472
548.215,50.5,61500.21599999999
548.345,50.5,61520.343
548.475,50.5,61514.122
548.605,50.5,61526.996
548.735,50.5,61532.695999999996
548.865,50.5,61547.219000000005
548.995,50.5,61535.994000000006
549.125,50.5,61546.845
549.255,50.5,61562.666
549.385,50.5,61577.625
549.515,50.5,61577.809
549.645,50.5,61581.453
549.775,50.5,61592.355
549.905,50.5,61603.58900000001
550.035,50.5,61596.192
550.166,50.5,61614.767
550.296,50.5,61618.426
550.426,50.5,61638.83
550.556,50.5,61639.407
550.686,50.5,61646.765
550.816,50.5,61651.155
550.946,50.5,61669.203
551.076,50.5,61691.315
551.206,50.5,61676.35400000001
551.336,50.5,61681.261
551.466,50.5,61694.792
551.596,50.5,61698.069
551.726,50.5,61714.449
551.856,50.5,61701.598
551.986,50.5,61727.992999999995
552.116,50.5,61725.093
552.246,50.5,61736.458
552.376,50.5,61742.734000000004
552.506,50.5,61749.895
552.636,50.5,61754.549000000006
552.766,50.5,61773.703
552.896,50.5,61764.683
553.026,50.5,61782.584
553.156,50.5,61781.654
553.286,50.5,61797.998
553.416,50.5,61802.805
553.546,50.5,61813.638
553.676,50.5,61809.638
553.806,50.5,61834.299000000006
553.936,50.5,61828.613
554.066,50.5,61846.225999999995
554.196,50.5,61843.579000000005
554.326,50.5,61858.732
554.456,50.5,61858.098
554.586,50.5,61867.439000000006
554.716,50.5,61865.004
554.846,50.5,61884.736
554.976,50.5,61882.117999999995
555.106,50.5,61898.852999999996
555.236,50.5,61890.315
555.366,50.5,61907.074
555.496,50.5,61906.695
555.626,50.5,61931.780999999995
555.756,50.5,61924.643
555.886,50.5,61935.075999999994
556.016,50.5,61931.303
556.146,50.5,61944.732
556.275,50.5,61951.049000000006
556.405,50.5,61955.152
556.535,50.5,61954.064000000006
556.665,50.5,61983.322
556.795,50.5,61961.925
556.925,50.5,61975.852999999996
557.055,50.5,61977.245
557.185,50.5,61999.40900000001
557.315,50.5,61991.899000000005
557.445,50.5,62006.64599999999
557.575,50.5,62010.038
557.705,50.5,62025.585999999996
557.835,50.5,62023.222
557.965,50.5,62027.509000000005
558.095,50.5,62028.227999999996
558.225,50.5,62044.617999999995
558.355,50.5,62042.107
558.485,50.5,62043.028
558.615,50.5,62042.380999999994
558.745,50.5,62064.670999999995
558.875,50.5,62055.709
559.005,50.5,62072.217000000004
559.135,50.5,62073.083
559.264,50.5,62077.371
559.394,50.5,62086.683
559.524,50.5,62098.519
559.654,50.5,62087.723
559.784,50.5,62105.135
559.914,50.5,62098.655999999995
560.044,50.5,62103.725
560.174,50.5,62108.707
560.304,50.5,62117.282999999996
560.434,50.5,62121.772000000004
560.564,50.5,62128.817
560.694,50.5,62129.981
560.824,50.5,62152.795999999995
560.954,50.5,62136.111
561.083,50.5,62143.31
561.213,50.5,62136.526
561.343,50.5,62160.904
561.473,50.5,62162.485
561.603,50.5,62160.024000000005
561.733,50.5,62168.831
561.863,50.5,62187.34
561.993,50.5,62174.107
562.123,50.5,62187.526
562.253,50.5,62186.53599999999
562.383,50.5,62194.384000000005
562.513,50.5,62192.060999999994
562.642,50.5,62210.334
562.772,50.5,62201.824
562.902,50.5,62211.578
563.032,50.5,62207.065
563.162,50.5,62221.114
563.292,50.5,62220.8
563.422,50.5,62225.640999999996
563.552,50.5,62216.655999999995
563.682,50.5,62242.204000000005
563.812,50.5,62225.694
563.941,50.5,62245.928
564.071,50.5,62234.775
564.201,50.5,62242.269
564.331,50.5,62252.564000000006
564.461,50.5,62260.78
564.591,50.5,62262.789000000004
564.721,50.5,62265.282
564.851,50.5,62262.35400000001
564.981,50.5,62282.268
565.11,50.5,62268.081
565.24,50.5,62282.519
565.37,50.5,62280.399000000005
565.5,50.5,62290.477
565.63,50.5,62282.155
565.76,50.5,62289.528
565.89,50.5,62297.279
566.02,50.5,62310.757000000005
566.149,50.5,62295.570999999996
566.279,50.5,62312.769
566.409,50.5,62308.582
566.539,50.5,62320.566
566.669,50.5,62315.558
566.799,50.5,62329.740999999995
566.929,50.5,62319.53400000001
567.059,50.5,62330.97900000001
567.188,50.5,62337.78400000001
567.318,50.5,62322.109000000004
567.448,50.5,62336.070999999996
567.578,50.5,62349.801
567.708,50.5,62342.924000000006
567.838,50.5,62356.032999999996
567.968,50.5,62345.81
568.097,50.5,62364.553
568.227,50.5,62363.452000000005
568.357,50.5,62369.07
568.487,50.5,62362.835
568.617,50.5,62379.877
568.747,50.5,62370.176
568.876,50.5,62378.594000000005
569.006,50.5,62382.263
569.136,50.5,62391.289000000004
569.266,50.5,62378.523
569.396,50.5,62380.55
569.526,50.5,62388.512
569.656,50.5,62399.775
569.785,50.5,62393.84099999999
569.915,50.5,62418.03599999999
570.045,50.5,62414.210999999996
570.175,50.5,62434.135
570.305,50.5,62425.977
570.435,50.5,62422.458
570.564,50.5,62422.831
570.694,50.5,62446.465
570.824,50.5,62446.65900000001
570.954,50.5,62454.723
571.084,50.5,62451.855
571.213,50.5,62476.513
571.343,50.5,62477.299000000006
571.473,50.5,62474.108
571.603,50.5,62485.333
571.733,50.5,62503.081
571.863,50.5,62490.835
571.992,50.5,62507.0
572.122,50.5,62504.883
572.252,50.5,62508.0
572.382,50.5,62496.407
572.512,50.5,62493.115
572.641,50.5,62491.695999999996
572.771,50.5,62497.605
572.901,50.5,62492.350999999995
573.031,50.5,62502.244000000006
573.161,50.5,62504.844000000005
573.29,50.5,62497.535
573.42,50.5,62510.384000000005
573.55,50.5,62509.273
573.68,50.5,62507.032999999996
573.81,50.5,62529.844000000005
573.939,50.5,62521.274000000005
574.069,50.5,62526.335999999996
574.199,50.5,62513.253
574.329,50.5,62520.645
574.459,50.5,62512.53599999999
574.588,50.5,62501.532999999996
574.718,50.5,62514.528
574.848,50.5,62514.233
574.978,50.5,62500.699
575.108,50.5,62507.432
575.237,50.5,62502.369000000006
575.367,50.5,62515.462
575.497,50.5,62510.932
575.627,50.5,62515.989
575.756,50.5,62510.328
575.886,50.5,62520.184
576.016,50.5,62514.471
576.146,50.5,62523.028
576.276,50.5,62516.649000000005
576.405,50.5,62529.863
576.535,50.5,62522.742999999995
576.665,50.5,62533.761
576.795,50.5,62535.68
576.924,50.5,62548.295
577.054,50.5,62533.954000000005
577.184,50.5,62545.837999999996
577.314,50.5,62539.957
577.443,50.5,62546.263
577.573,50.5,62546.78
577.703,50.5,62549.234000000004
577.833,50.5,62551.85
577.962,50.5,62573.337
578.092,50.5,62561.21599999999
578.222,50.5,62562.592000000004
578.352,50.5,62565.382000000005
578.481,50.5,62576.698
578.611,50.5,62562.28400000001
578.741,50.5,62570.117
578.871,50.5,62572.553
579.0,50.5,62584.363
579.13,50.5,62570.435
579.26,50.5,62584.739
579.39,50.5,62582.939000000006
579.519,50.5,62596.888
579.649,50.5,62583.199
579.779,50.5,62592.096
579.909,50.5,62593.301
580.038,50.5,62604.497
580.168,50.5,62604.312000000005
580.298,50.5,62605.379
580.428,50.5,62604.941
580.557,50.5,62608.852999999996
580.687,50.5,62605.084
580.817,50.5,62618.450999999994
580.946,50.5,62599.52
581.076,50.5,62624.782999999996
581.206,50.5,62616.902
581.336,50.5,62623.393
581.465,50.5,62628.872
581.595,50.5,62633.376
581.725,50.5,62624.187999999995
581.855,50.5,62642.545
581.984,50.5,62636.419
582.114,50.5,62652.307
582.244,50.5,62631.889
582.373,50.5,62643.939000000006
582.503,50.5,62647.904
582.633,50.5,62643.502
582.763,50.5,62656.276
582.892,50.5,62661.513
583.022,50.5,62652.635
583.152,50.5,62669.2
583.281,50.5,62656.723
583.411,50.5,62670.865
583.541,50.5,62672.05
583.67,50.5,62683.825
583.8,50.5,62671.492
583.93,50.5,62675.331
584.06,50.5,62675.056
584.189,50.5,62688.928
584.319,50.5,62682.34
584.449,50.5,62699.275
584.578,50.5,62686.78599999999
584.708,50.5,62699.56
584.838,50.5,62700.079000000005
584.967,50.5,62703.015
585.097,50.5,62701.549000000006
585.227,50.5,62705.304000000004
585.356,50.5,62708.317
585.486,50.5,62711.984000000004
585.616,50.5,62720.393
585.745,50.5,62723.099
585.875,50.5,62714.41
586.005,50.5,62728.187999999995
586.134,50.5,62705.404
586.264,50.5,62736.21
586.394,50.5,62732.788
586.523,50.5,62731.674000000006
586.653,50.5,62738.14599999999
586.783,50.5,62739.555
586.912,50.5,62740.114
587.042,50.5,62741.799000000006
587.172,50.5,62745.848
587.301,50.5,62752.163
587.431,50.5,62747.570999999996
587.561,50.5,62754.093
587.69,50.5,62750.323
587.82,50.5,62767.560999999994
587.95,50.5,62757.834
588.079,50.5,62768.133
588.209,50.5,62771.987
588.339,50.5,62780.904
588.468,50.5,62772.627
588.598,50.5,62785.504
588.728,50.5,62775.76
588.857,50.5,62793.962
588.987,50.5,62784.99
589.117,50.5,62794.332
589.246,50.5,62794.420999999995
589.376,50.5,62799.289000000004
589.506,50.5,62804.24
589.635,50.5,62804.942
589.765,50.5,62807.931
589.894,50.5,62817.528
590.024,50.5,62817.745
590.154,50.5,62833.71
590.283,50.5,62819.056
590.413,50.5,62825.990999999995
590.543,50.5,62830.545999999995
590.672,50.5,62833.52
590.802,50.5,62846.43
590.931,50.5,62861.087999999996
591.061,50.5,62848.452000000005
591.191,50.5,62860.777
591.32,50.5,62854.098
591.45,50.5,62873.057
591.58,50.5,62865.181
591.709,50.5,62870.46
591.839,50.5,62874.443
591.968,50.5,62884.78
592.098,50.5,62893.001
592.228,50.5,62901.505999999994
592.357,50.5,62893.335999999996
592.487,50.5,62914.085999999996
592.617,50.5,62904.545
592.746,50.5,62923.185999999994
592.876,50.5,62921.424000000006
593.005,50.5,62939.91099999999
593.135,50.5,62946.574
593.265,50.5,62949.359000000004
593.394,50.5,62952.708
593.524,50.5,62957.067
593.653,50.5,62967.599
593.783,50.5,62975.597
593.913,50.5,63000.113
594.042,50.5,63010.362
594.172,50.5,63000.194
594.301,50.5,63024.100999999995
594.431,50.5,63029.744000000006
594.56,50.5,63031.428
594.69,50.5,63038.424000000006
594.82,50.5,63057.79
594.949,50.5,63057.444
595.079,50.5,63089.248
595.208,50.5,63089.439000000006
595.338,50.5,63104.16
595.468,50.5,63114.795
595.597,50.5,63144.195
595.727,50.5,63139.627
595.856,50.5,63155.346
595.986,50.5,63170.453
596.115,50.5,63191.594000000005
596.245,50.5,63192.937000000005
596.375,50.5,63219.585
596.504,50.5,63246.093
596.634,50.5,63272.652
596.763,50.5,63248.812000000005
596.893,50.5,63288.692
597.022,50.5,63306.402
597.152,50.5,63338.712
597.282,50.5,63342.01
597.411,50.5,63361.039000000004
597.541,50.5,63386.503
597.67,50.5,63404.570999999996
597.8,50.5,63436.122
597.929,50.5,63474.737
598.059,50.5,63475.192
598.188,50.5,63516.176
598.318,50.5,63533.135
598.448,50.5,63565.486
598.577,50.5,63590.499
598.707,50.5,63632.505999999994
598.836,50.5,63649.297999999995
598.966,50.5,63678.024000000005
599.095,50.5,63705.928
599.225,50.5,63757.935
599.354,50.5,63793.477999999996
599.484,50.5,63817.222
599.614,50.5,63853.325
599.743,50.5,63901.929000000004
599.873,50.5,63927.1
600.002,50.5,63977.992999999995
600.132,50.5,64013.685999999994
600.261,50.5,64062.352999999996
600.391,50.5,64090.2
600.52,50.5,64131.514
600.65,50.5,64178.149000000005
600.779,50.5,64229.719000000005
600.909,50.5,64270.113
601.038,50.5,64319.03599999999
601.168,50.5,64369.66
601.297,50.5,64426.795999999995
601.427,50.5,64464.795999999995
601.556,50.5,64505.570999999996
601.686,50.5,64564.556
601.815,50.5,64643.026
601.945,50.5,64678.14599999999
602.075,50.5,64735.303
602.204,50.5,64780.787000000004
602.334,50.5,64855.422
602.463,50.5,64898.288
602.593,50.5,64944.693
602.722,50.5,65022.14
602.852,50.5,65077.965
602.981,50.5,65128.437000000005
603.111,50.5,65198.915
603.24,50.5,65255.832
603.37,50.5,65331.397000000004
603.499,50.5,65394.497
603.629,50.5,65448.594000000005
603.758,50.5,65498.827000000005
603.888,50.5,65591.719
604.017,50.5,65657.223
604.147,50.5,65719.516
604.276,50.5,65791.281
604.406,50.5,65870.343
604.535,50.5,65926.063
604.665,50.5,65993.385
604.794,50.5,66070.813
604.924,50.5,66166.715
605.053,50.5,66239.742
605.183,50.5,66318.943
605.312,50.5,66391.62700000001
605.441,50.5,66468.961
605.571,50.5,66564.518
605.7,50.5,66631.745
605.83,50.5,66717.758
605.959,50.5,66815.73
606.089,50.5,66891.109
606.218,50.5,66986.52900000001
606.348,50.5,67067.556
606.477,50.5,67156.363
606.607,50.5,67248.19
606.736,50.5,67318.165
606.866,50.5,67413.00200000001
606.995,50.5,67512.96
607.125,50.5,67581.622
607.254,50.5,67675.464
607.384,50.5,67780.646
607.513,50.5,67840.071
607.642,50.5,67924.724
607.772,50.5,68017.345
607.901,50.5,68080.555
608.031,50.5,68178.42
608.16,50.5,68254.503
608.29,50.5,68318.99900000001
608.419,50.5,68421.228
608.549,50.5,68510.59
608.678,50.5,68554.395
608.808,50.5,68623.696
608.937,50.5,68691.068
609.066,50.5,68763.958
609.196,50.5,68819.167
609.325,50.5,68893.762
609.455,50.5,68947.695
609.584,50.5,69013.36
609.714,50.5,69038.879
609.843,50.5,69127.465
609.973,50.5,69167.189
610.102,50.5,69242.86
610.231,50.5,69255.614
610.361,50.5,69304.384
610.49,50.5,69337.061
610.62,50.5,69375.759
610.749,50.5,69413.464
610.879,50.5,69441.826
611.008,50.5,69465.103
611.137,50.5,69526.012
611.267,50.5,69497.1
611.396,50.5,69541.186
611.526,50.5,69567.88
611.655,50.5,69553.369
611.785,50.5,69575.489
611.914,50.5,69592.35
612.043,50.5,69581.974
612.173,50.5,69621.27799999999
612.302,50.5,69613.564
612.432,50.5,69593.837
612.561,50.5,69615.038
612.69,50.5,69619.203
612.82,50.5,69590.68400000001
612.949,50.5,69572.5
613.079,50.5,69544.925
613.208,50.5,69573.69900000001
613.337,50.5,69568.369
613.467,50.5,69544.218
613.596,50.5,69517.81
613.726,50.5,69492.689
613.855,50.5,69467.348
613.984,50.5,69466.178
614.114,50.5,69439.427
614.243,50.5,69441.828
614.373,50.5,69418.974
614.502,50.5,69389.23700000001
614.631,50.5,69346.106
614.761,50.5,69380.92599999999
614.89,50.5,69304.02399999999
615.02,50.5,69271.267
615.149,50.5,69260.048
615.278,50.5,69232.075
615.408,50.5,69203.733
615.537,50.5,69186.254
615.667,50.5,69149.942
615.796,50.5,69129.97
615.925,50.5,69087.338
616.055,50.5,69040.841
616.184,50.5,69037.85
616.313,50.5,68972.141
616.443,50.5,68937.844
616.572,50.5,68905.01
616.701,50.5,68870.976
616.831,50.5,68825.157
616.96,50.5,68765.982
617.09,50.5,68720.512
617.219,50.5,68694.636
617.348,50.5,68664.726
617.478,50.5,68600.911
617.607,50.5,68564.909
617.736,50.5,68504.258
617.866,50.5,68444.559
617.995,50.5,68412.15
618.124,50.5,68344.813
618.254,50.5,68281.814
618.383,50.5,68229.96
618.513,50.5,68178.22
618.642,50.5,68143.767
618.771,50.5,68049.271
618.901,50.5,68035.357
619.03,50.5,67924.729
619.159,50.5,67897.63
619.289,50.5,67826.959
619.418,50.5,67793.715
619.547,50.5,67711.788
619.677,50.5,67661.317
619.806,50.5,67574.985
619.935,50.5,67536.741
620.065,50.5,67480.896
620.194,50.5,67414.799
620.323,50.5,67358.578
620.453,50.5,67306.622
620.582,50.5,67244.297
620.711,50.5,67182.381
620.841,50.5,67148.807
620.97,50.5,67069.863
621.099,50.5,67008.468
621.229,50.5,66969.428
621.358,50.5,66908.52799999999
621.487,50.5,66875.647
621.617,50.5,66811.064
621.746,50.5,66760.14
621.875,50.5,66677.856
622.005,50.5,66655.595
622.134,50.5,66600.213
622.263,50.5,66556.536
622.393,50.5,66509.095
622.522,50.5,66481.067
622.651,50.5,66406.527
622.78,50.5,66383.145
622.91,50.5,66329.168
623.039,50.5,66290.921
623.168,50.5,66241.017
623.298,50.5,66201.336
623.427,50.5,66170.988
623.556,50.5,66141.546
623.686,50.5,66092.405
623.815,50.5,66033.73
623.944,50.5,66022.205
624.073,50.5,65994.398
624.203,50.5,65945.09
624.332,50.5,65905.792
624.461,50.5,65881.315
624.591,50.5,65848.242
624.72,50.5,65805.038
624.849,50.5,65783.932
624.979,50.5,65744.543
625.108,50.5,65716.881
625.237,50.5,65679.424
625.366,50.5,65657.285
625.496,50.5,65641.468
625.625,50.5,65616.65400000001
625.754,50.5,65568.00099999999
625.883,50.5,65557.629
626.013,50.5,65540.07400000001
626.142,50.5,65531.082
626.271,50.5,65481.404
626.401,50.5,65464.889
626.53,50.5,65434.585
626.659,50.5,65425.111
626.788,50.5,65407.85400000001
626.918,50.5,65389.126
627.047,50.5,65354.431
627.176,50.5,65345.861
627.305,50.5,65330.65900000001
627.435,50.5,65304.346
627.564,50.5,65307.362
627.693,50.5,65267.356
627.823,50.5,65253.894
627.952,50.5,65239.523
628.081,50.5,65219.809
628.21,50.5,65195.276
628.34,50.5,65196.636
628.469,50.5,65170.816
628.598,50.5,65163.581
628.727,50.5,65154.067
628.857,50.5,65140.882000000005
628.986,50.5,65132.635
629.115,50.5,65112.078
629.244,50.5,65110.92
629.374,50.5,65088.235
629.503,50.5,65078.74
629.632,50.5,65060.399000000005
629.761,50.5,65069.115999999995
629.89,50.5,65041.242
630.02,50.5,65027.683
630.149,50.5,65011.799000000006
630.278,50.5,65007.074
630.407,50.5,64991.187000000005
630.537,50.5,64981.992
630.666,50.5,64961.824
630.795,50.5,64965.422
630.924,50.5,64938.887
631.054,50.5,64950.184
631.183,50.5,64935.803
631.312,50.5,64924.347
631.441,50.5,64912.782999999996
631.57,50.5,64900.865999999995
631.7,50.5,64891.691
631.829,50.5,64880.515999999996
631.958,50.5,64864.237
632.087,50.5,64862.107
632.217,50.5,64849.419
632.346,50.5,64844.153
632.475,50.5,64833.682
632.604,50.5,64825.888
632.733,50.5,64814.148
632.863,50.5,64826.117999999995
632.992,50.5,64797.581
633.121,50.5,64797.625
633.25,50.5,64784.294
633.379,50.5,64780.819
633.509,50.5,64766.648
633.638,50.5,64758.069
633.767,50.5,64742.498
633.896,50.5,64755.53400000001
634.025,50.5,64748.90900000001
634.155,50.5,64736.276
634.284,50.5,64726.644
634.413,50.5,64723.582
634.542,50.5,64705.015
634.671,50.5,64705.600999999995
634.801,50.5,64703.624
634.93,50.5,64691.09
635.059,50.5,64682.017
635.188,50.5,64684.386
635.317,50.5,64680.41
635.447,50.5,64683.904
635.576,50.5,64681.181
635.705,50.5,64676.797
635.834,50.5,64659.097
635.963,50.5,64675.265999999996
636.092,50.5,64643.113
636.222,50.5,64645.513
636.351,50.5,64645.376
636.48,50.5,64638.795
636.609,50.5,64625.41099999999
636.738,50.5,64621.319
636.867,50.5,64609.039000000004
636.997,50.5,64622.934
637.126,50.5,64609.192
637.255,50.5,64606.024000000005
637.384,50.5,64594.176
637.513,50.5,64606.224
637.642,50.5,64594.115999999995
637.772,50.5,64578.939000000006
637.901,50.5,64566.59099999999
638.03,50.5,64581.971
638.159,50.5,64564.740999999995
638.288,50.5,64572.852999999996
638.417,50.5,64563.788
638.547,50.5,64567.84099999999
638.676,50.5,64545.64599999999
638.805,50.5,64540.583
638.934,50.5,64544.863
639.063,50.5,64537.545999999995
639.192,50.5,64523.014
639.321,50.5,64511.236
639.451,50.5,64523.89599999999
639.58,50.5,64533.87
639.709,50.5,64507.437000000005
639.838,50.5,64507.471
639.967,50.5,64501.691
640.096,50.5,64511.015999999996
640.225,50.5,64499.749
640.355,50.5,64480.764
640.484,50.5,64488.155
640.613,50.5,64486.014
640.742,50.5,64474.621
640.871,50.5,64479.357
641.0,50.5,64453.974
641.129,50.5,64482.155999999995
641.258,50.5,64460.462
641.388,50.5,64451.8
641.517,50.5,64463.83900000001
641.646,50.5,64454.23
641.775,50.5,64436.657999999996
641.904,50.5,64441.695
642.033,50.5,64423.087999999996
642.162,50.5,64440.073
642.291,50.5,64423.691
642.421,50.5,64421.876
642.55,50.5,64413.471
642.679,50.5,64410.403
642.808,50.5,64416.66
642.937,50.5,64401.19
643.066,50.5,64393.727
643.195,50.5,64401.065
643.324,50.5,64394.941
643.453,50.5,64376.322
643.582,50.5,64398.969000000005
643.712,50.5,64382.788
643.841,50.5,64367.117
643.97,50.5,64378.738
644.099,50.5,64349.36
644.228,50.5,64359.917
644.357,50.5,64359.390999999996
644.486,50.5,64349.810999999994
644.615,50.5,64350.121
644.744,50.5,64353.785
644.873,50.5,64327.878
645.003,50.5,64334.795
645.132,50.5,64321.834
645.261,50.5,64336.505
645.39,50.5,64315.352999999996
645.519,50.5,64308.645
645.648,50.5,64309.429000000004
645.777,50.5,64321.004
645.906,50.5,64293.125
646.035,50.5,64303.65900000001
646.164,50.5,64282.871
646.293,50.5,64287.614
646.422,50.5,64277.094000000005
646.551,50.5,64275.958
646.681,50.5,64275.432
646.81,50.5,64270.200999999994
646.939,50.5,64256.724
647.068,50.5,64267.652
647.197,50.5,64258.73
647.326,50.5,64253.254
647.455,50.5,64248.666
647.584,50.5,64233.762
647.713,50.5,64241.549000000006
647.842,50.5,64241.987
647.971,50.5,64222.894
648.1,50.5,64213.192
648.229,50.5,64215.787000000004
648.358,50.5,64214.95
648.487,50.5,64213.852
648.616,50.5,64198.524000000005
648.746,50.5,64192.981
648.875,50.5,64201.53
649.004,50.5,64183.602999999996
649.133,50.5,64184.144
649.262,50.5,64171.947
649.391,50.5,64187.523
649.52,50.5,64162.435999999994
649.649,50.5,64166.597
649.778,50.5,64152.422999999995
649.907,50.5,64172.953
650.036,50.5,64147.29
650.165,50.5,64138.623
650.294,50.5,64130.075999999994
650.423,50.5,64146.583
650.552,50.5,64136.614
650.681,50.5,64122.254
650.81,50.5,64113.755
650.939,50.5,64131.996
651.068,50.5,64105.357
651.197,50.5,64110.691
651.326,50.5,64105.982
651.455,50.5,64105.823
651.584,50.5,64096.731
651.713,50.5,64103.46599999999
651.842,50.5,64093.151
651.971,50.5,64092.599
652.1,50.5,64078.685999999994
652.229,50.5,64074.415
652.358,50.5,64069.264
652.487,50.5,64067.212999999996
652.616,50.5,64055.745
652.745,50.5,64067.83
652.874,50.5,64047.600999999995
653.003,50.5,64059.780999999995
653.132,50.5,64036.78400000001
653.261,50.5,64036.888
653.39,50.5,64041.41099999999
653.519,50.5,64039.61
653.648,50.5,64026.422
653.777,50.5,64034.442
653.906,50.5,64011.215
654.035,50.5,64033.232
654.164,50.5,64006.497
654.293,50.5,64012.332
654.422,50.5,64015.087
654.551,50.5,63998.71400000001
654.68,50.5,63993.69
654.809,50.5,63996.706
654.938,50.5,63985.183
655.067,50.5,64004.559
655.196,50.5,63981.887
655.325,50.5,63979.149000000005
655.454,50.5,63978.816
655.583,50.5,63985.412000000004
655.712,50.5,63960.363
655.841,50.5,63965.355
655.97,50.5,63956.721
656.099,50.5,63972.68
656.228,50.5,63954.095
656.357,50.5,63959.937000000005
656.486,50.5,63945.959
656.615,50.5,63950.69
656.744,50.5,63932.876
656.873,50.5,63945.070999999996
657.002,50.5,63925.562999999995
657.131,50.5,63940.949
657.26,50.5,63921.069
657.389,50.5,63921.564000000006
657.518,50.5,63916.724
657.647,50.5,63926.437000000005
657.776,50.5,63918.231
657.905,50.5,63918.485
658.034,50.5,63911.240999999995
658.163,50.5,63904.587999999996
658.292,50.5,63900.43
658.421,50.5,63902.907
658.55,50.5,63902.625
658.679,50.5,63896.329000000005
658.807,50.5,63890.776
658.936,50.5,63901.489
659.065,50.5,63887.166
659.194,50.5,63896.195999999996
659.323,50.5,63881.526
659.452,50.5,63874.420999999995
659.581,50.5,63870.965
659.71,50.5,63876.280999999995
659.839,50.5,63868.117999999995
659.968,50.5,63867.670999999995
660.097,50.5,63865.42
660.226,50.5,63860.209
660.355,50.5,63866.163
660.484,50.5,63859.51
660.613,50.5,63850.062999999995
660.742,50.5,63861.404
660.871,50.5,63834.828
660.999,50.5,63858.484000000004
661.128,50.5,63838.342000000004
661.257,50.5,63840.792
661.386,50.5,63842.672
661.515,50.5,63821.662000000004
661.644,50.5,63829.337
661.773,50.5,63832.755
661.902,50.5,63813.575999999994
662.031,50.5,63827.35400000001
662.16,50.5,63823.07
662.289,50.5,63827.872
662.418,50.5,63818.941
662.546,50.5,63821.027
662.675,50.5,63819.375
662.804,50.5,63821.434
662.933,50.5,63802.34
663.062,50.5,63809.615999999995
663.191,50.5,63798.722
663.32,50.5,63804.535
663.449,50.5,63803.294
663.578,50.5,63793.176
663.707,50.5,63793.437000000005
663.836,50.5,63793.34
663.964,50.5,63791.614
664.093,50.5,63790.072
664.222,50.5,63782.557
664.351,50.5,63795.666
664.48,50.5,63778.702000000005
664.609,50.5,63783.372
664.738,50.5,63777.333
664.867,50.5,63781.887
664.996,50.5,63783.538
665.124,50.5,63777.825
665.253,50.5,63772.287000000004
665.382,50.5,63762.371
665.511,50.5,63761.962999999996
665.64,50.5,63767.157
665.769,50.5,63756.157999999996
665.898,50.5,63775.54
666.027,50.5,63751.27099999999
666.156,50.5,63757.367999999995
666.284,50.5,63756.22
666.413,50.5,63758.599
666.542,50.5,63750.329000000005
666.671,50.5,63751.09099999999
666.8,50.5,63738.556
666.929,50.5,63754.808
667.058,50.5,63719.244000000006
667.186,50.5,63730.233
667.315,50.5,63743.352999999996
667.444,50.5,63747.93
667.573,50.5,63722.583
667.702,50.5,63728.926
667.831,50.5,63723.051
667.96,50.5,63723.805
668.089,50.5,63716.765999999996
668.217,50.5,63726.009000000005
668.346,50.5,63727.46
668.475,50.5,63714.669
668.604,50.5,63714.867
668.733,50.5,63707.608
668.862,50.5,63701.815
668.99,50.5,63720.272000000004
669.119,50.5,63706.098
669.248,50.5,63712.628
669.377,50.5,63703.804000000004
669.506,50.5,63709.02099999999
669.635,50.5,63692.41099999999
669.764,50.5,63688.212999999996
669.892,50.5,63684.791
