Wavelength,Null,Intensity
533.251,50.5,60723.11
533.381,50.5,60653.18
533.511,50.5,60865.06
533.641,50.5,60793.75
533.771,50.5,60781.19
533.902,50.5,60804.73
534.032,50.5,60781.78
534.162,50.5,60789.82
534.292,50.5,60800.18
534.422,50.5,60787.0
534.553,50.5,60793.26
534.683,50.5,60799.08
534.813,50.5,60802.04
534.943,50.5,60778.51
535.073,50.5,60805.21
535.204,50.5,60789.74
535.334,50.5,60797.13
535.464,50.5,60790.32
535.594,50.5,60800.31
535.724,50.5,60783.19
535.854,50.5,60803.36
535.985,50.5,60787.85
536.115,50.5,60795.65
536.245,50.5,60799.47
536.375,50.5,60808.47
536.505,50.5,60796.39
536.635,50.5,60817.26
536.766,50.5,60814.83
536.896,50.5,60820.91
537.026,50.5,60825.8
537.156,50.5,60834.85
537.286,50.5,60832.23
537.416,50.5,60841.54
537.547,50.5,60833.7
537.677,50.5,60847.35
537.807,50.5,60846.95
537.937,50.5,60861.65
538.067,50.5,60848.91
538.197,50.5,60857.61
538.327,50.5,60864.61
538.458,50.5,60867.47
538.588,50.5,60858.66
538.718,50.5,60869.36
538.848,50.5,60873.18
538.978,50.5,60892.71
539.108,50.5,60885.77
539.238,50.5,60891.79
539.369,50.5,60895.98
539.499,50.5,60911.47
539.629,50.5,60905.01
539.759,50.5,60915.6
539.889,50.5,60912.92
540.019,50.5,60941.87
540.149,50.5,60922.34
540.279,50.5,60929.6
540.41,50.5,60933.72
540.54,50.5,60944.09
540.67,50.5,60934.59
540.8,50.5,60950.7
540.93,50.5,60955.69
541.06,50.5,60959.19
541.19,50.5,60961.66
541.32,50.5,60969.82
541.451,50.5,60964.85
541.581,50.5,60983.52
541.711,50.5,60985.31
541.841,50.5,60984.35
541.971,50.5,60988.02
542.101,50.5,60990.89
542.231,50.5,60984.46
542.361,50.5,60990.54
542.491,50.5,60999.88
542.622,50.5,61021.94
542.752,50.5,61002.03
542.882,50.5,61005.2
543.012,50.5,61015.48
543.142,50.5,61021.5
543.272,50.5,61020.77
543.402,50.5,61023.97
543.532,50.5,61015.58
543.662,50.5,61032.16
543.792,50.5,61026.07
543.923,50.5,61031.62
544.053,50.5,61024.34
544.183,50.5,61043.44
544.313,50.5,61030.73
544.443,50.5,61030.88
544.573,50.5,61023.47
544.703,50.5,61051.49
544.833,50.5,61048.35
544.963,50.5,61056.64
545.093,50.5,61042.35
545.223,50.5,61054.97
545.354,50.5,61051.86
545.484,50.5,61049.26
545.614,50.5,61040.28
545.744,50.5,61057.35
545.874,50.5,61058.88
546.004,50.5,61054.51
546.134,50.5,61061.27
546.264,50.5,61066.8
546.394,50.5,61063.48
546.524,50.5,61066.34
546.654,50.5,61067.71
546.784,50.5,61070.45
546.914,50.5,61065.48
547.044,50.5,61076.13
547.174,50.5,61069.8
547.305,50.5,61081.89
547.435,50.5,61073.62
547.565,50.5,61081.8
547.695,50.5,61074.7
547.825,50.5,61091.04
547.955,50.5,61075.99
548.085,50.5,61086.45
548.215,50.5,61078.19
548.345,50.5,61087.33
548.475,50.5,61072.07
548.605,50.5,61077.0
548.735,50.5,61084.39
548.865,50.5,61084.38
548.995,50.5,61075.0
549.125,50.5,61086.09
549.255,50.5,61080.63
549.385,50.5,61088.33
549.515,50.5,61071.79
549.645,50.5,61083.1
549.775,50.5,61079.79
549.905,50.5,61083.31
550.035,50.5,61077.62
550.166,50.5,61081.87
550.296,50.5,61077.93
550.426,50.5,61090.96
550.556,50.5,61072.29
550.686,50.5,61078.73
550.816,50.5,61083.49
550.946,50.5,61089.28
551.076,50.5,61076.54
551.206,50.5,61086.88
551.336,50.5,61085.89
551.466,50.5,61088.74
551.596,50.5,61076.9
551.726,50.5,61081.76
551.856,50.5,61078.45
551.986,50.5,61088.86
552.116,50.5,61073.59
552.246,50.5,61087.45
552.376,50.5,61086.45
552.506,50.5,61093.3
552.636,50.5,61083.42
552.766,50.5,61085.79
552.896,50.5,61092.32
553.026,50.5,61106.32
553.156,50.5,61090.13
553.286,50.5,61089.61
553.416,50.5,61080.45
553.546,50.5,61098.21
553.676,50.5,61083.38
553.806,50.5,61086.46
553.936,50.5,61089.87
554.066,50.5,61098.4
554.196,50.5,61095.24
554.326,50.5,61091.19
554.456,50.5,61087.92
554.586,50.5,61108.84
554.716,50.5,61090.99
554.846,50.5,61083.74
554.976,50.5,61086.71
555.106,50.5,61099.32
555.236,50.5,61089.68
555.366,50.5,61094.02
555.496,50.5,61079.2
555.626,50.5,61102.8
555.756,50.5,61091.18
555.886,50.5,61102.92
556.016,50.5,61082.68
556.146,50.5,61093.41
556.275,50.5,61081.87
556.405,50.5,61091.03
556.535,50.5,61085.19
556.665,50.5,61095.57
556.795,50.5,61093.11
556.925,50.5,61096.87
557.055,50.5,61085.31
557.185,50.5,61087.12
557.315,50.5,61086.82
557.445,50.5,61091.37
557.575,50.5,61082.83
557.705,50.5,61092.79
557.835,50.5,61086.49
557.965,50.5,61094.49
558.095,50.5,61090.12
558.225,50.5,61098.74
558.355,50.5,61090.95
558.485,50.5,61095.92
558.615,50.5,61086.32
558.745,50.5,61091.63
558.875,50.5,61082.75
559.005,50.5,61095.76
559.135,50.5,61087.74
559.264,50.5,61101.13
559.394,50.5,61080.91
559.524,50.5,61100.66
559.654,50.5,61099.95
559.784,50.5,61099.33
559.914,50.5,61082.41
560.044,50.5,61091.44
560.174,50.5,61085.64
560.304,50.5,61090.12
560.434,50.5,61088.28
560.564,50.5,61086.08
560.694,50.5,61087.24
560.824,50.5,61100.25
560.954,50.5,61084.65
561.083,50.5,61092.82
561.213,50.5,61087.61
561.343,50.5,61094.13
561.473,50.5,61089.01
561.603,50.5,61084.62
561.733,50.5,61093.37
561.863,50.5,61104.96
561.993,50.5,61089.04
562.123,50.5,61088.54
562.253,50.5,61083.87
562.383,50.5,61102.11
562.513,50.5,61085.32
562.642,50.5,61091.53
562.772,50.5,61092.95
562.902,50.5,61102.76
563.032,50.5,61089.65
563.162,50.5,61096.46
563.292,50.5,61095.37
563.422,50.5,61108.01
563.552,50.5,61091.33
563.682,50.5,61090.76
563.812,50.5,61086.7
563.941,50.5,61097.64
564.071,50.5,61089.48
564.201,50.5,61094.72
564.331,50.5,61089.41
564.461,50.5,61102.64
564.591,50.5,61081.08
564.721,50.5,61095.25
564.851,50.5,61097.05
564.981,50.5,61093.94
565.11,50.5,61091.87
565.24,50.5,61096.14
565.37,50.5,61091.2
565.5,50.5,61102.49
565.63,50.5,61086.87
565.76,50.5,61092.94
565.89,50.5,61094.4
566.02,50.5,61105.35
566.149,50.5,61093.54
566.279,50.5,61092.0
566.409,50.5,61094.1
566.539,50.5,61101.41
566.669,50.5,61088.91
566.799,50.5,61099.56
566.929,50.5,61088.11
567.059,50.5,61106.29
567.188,50.5,61099.42
567.318,50.5,61096.44
567.448,50.5,61093.27
567.578,50.5,61097.53
567.708,50.5,61096.53
567.838,50.5,61098.82
567.968,50.5,61101.24
568.097,50.5,61105.2
568.227,50.5,61099.02
568.357,50.5,61098.82
568.487,50.5,61092.01
568.617,50.5,61106.55
568.747,50.5,61102.37
568.876,50.5,61105.35
569.006,50.5,61097.04
569.136,50.5,61110.92
569.266,50.5,61103.08
569.396,50.5,61103.97
569.526,50.5,61103.91
569.656,50.5,61107.35
569.785,50.5,61102.17
569.915,50.5,61110.95
570.045,50.5,61108.87
570.175,50.5,61109.02
570.305,50.5,61105.32
570.435,50.5,61111.3
570.564,50.5,61097.95
570.694,50.5,61110.54
570.824,50.5,61112.75
570.954,50.5,61117.27
571.084,50.5,61107.09
571.213,50.5,61115.41
571.343,50.5,61100.72
571.473,50.5,61111.04
571.603,50.5,61110.04
571.733,50.5,61117.23
571.863,50.5,61109.37
571.992,50.5,61124.23
572.122,50.5,61106.17
572.252,50.5,61122.15
572.382,50.5,61106.64
572.512,50.5,61119.82
572.641,50.5,61110.2
572.771,50.5,61118.47
572.901,50.5,61106.38
573.031,50.5,61116.31
573.161,50.5,61109.4
573.29,50.5,61121.6
573.42,50.5,61106.76
573.55,50.5,61115.62
573.68,50.5,61108.89
573.81,50.5,61119.1
573.939,50.5,61110.36
574.069,50.5,61116.14
574.199,50.5,61126.37
574.329,50.5,61117.56
574.459,50.5,61106.92
574.588,50.5,61114.64
574.718,50.5,61117.66
574.848,50.5,61122.79
574.978,50.5,61113.73
575.108,50.5,61114.71
575.237,50.5,61109.07
575.367,50.5,61116.17
575.497,50.5,61114.84
575.627,50.5,61125.08
575.756,50.5,61120.83
575.886,50.5,61120.88
576.016,50.5,61113.44
576.146,50.5,61119.6
576.276,50.5,61124.7
576.405,50.5,61123.7
576.535,50.5,61112.82
576.665,50.5,61120.76
576.795,50.5,61121.43
576.924,50.5,61136.62
577.054,50.5,61116.62
577.184,50.5,61122.13
577.314,50.5,61119.25
577.443,50.5,61133.7
577.573,50.5,61124.82
577.703,50.5,61128.17
577.833,50.5,61128.39
577.962,50.5,61135.64
578.092,50.5,61124.17
578.222,50.5,61132.74
578.352,50.5,61131.97
578.481,50.5,61133.91
578.611,50.5,61129.57
578.741,50.5,61138.0
578.871,50.5,61130.72
579.0,50.5,61132.46
579.13,50.5,61130.89
579.26,50.5,61141.18
579.39,50.5,61132.4
579.519,50.5,61151.84
579.649,50.5,61131.09
579.779,50.5,61137.56
579.909,50.5,61129.94
580.038,50.5,61147.84
580.168,50.5,61144.16
580.298,50.5,61142.76
580.428,50.5,61139.59
580.557,50.5,61148.09
580.687,50.5,61141.83
580.817,50.5,61146.81
580.946,50.5,61138.36
581.076,50.5,61148.57
581.206,50.5,61151.51
581.336,50.5,61150.0
581.465,50.5,61136.57
581.595,50.5,61160.84
581.725,50.5,61149.55
581.855,50.5,61153.32
581.984,50.5,61144.77
582.114,50.5,61156.15
582.244,50.5,61152.55
582.373,50.5,61161.28
582.503,50.5,61150.73
582.633,50.5,61156.62
582.763,50.5,61153.18
582.892,50.5,61161.56
583.022,50.5,61150.3
583.152,50.5,61161.89
583.281,50.5,61158.41
583.411,50.5,61162.3
583.541,50.5,61155.53
583.67,50.5,61166.95
583.8,50.5,61154.31
583.93,50.5,61165.29
584.06,50.5,61160.8
584.189,50.5,61168.67
584.319,50.5,61166.59
584.449,50.5,61164.58
584.578,50.5,61161.54
584.708,50.5,61173.24
584.838,50.5,61166.28
584.967,50.5,61174.13
585.097,50.5,61165.71
585.227,50.5,61177.18
585.356,50.5,61171.81
585.486,50.5,61171.53
585.616,50.5,61171.55
585.745,50.5,61179.83
585.875,50.5,61170.78
586.005,50.5,61177.22
586.134,50.5,61178.82
586.264,50.5,61179.98
586.394,50.5,61170.15
586.523,50.5,61177.08
586.653,50.5,61176.02
586.783,50.5,61181.93
586.912,50.5,61183.84
587.042,50.5,61189.33
587.172,50.5,61184.0
587.301,50.5,61190.77
587.431,50.5,61175.9
587.561,50.5,61181.27
587.69,50.5,61188.17
587.82,50.5,61198.08
587.95,50.5,61189.12
588.079,50.5,61188.73
588.209,50.5,61183.04
588.339,50.5,61193.6
588.468,50.5,61184.48
588.598,50.5,61196.36
588.728,50.5,61198.65
588.857,50.5,61204.43
588.987,50.5,61186.32
589.117,50.5,61201.72
589.246,50.5,61192.51
589.376,50.5,61202.06
589.506,50.5,61199.42
589.635,50.5,61199.12
589.765,50.5,61193.39
589.894,50.5,61204.15
590.024,50.5,61197.61
590.154,50.5,61197.3
590.283,50.5,61185.89
590.413,50.5,61205.78
590.543,50.5,61201.41
590.672,50.5,61202.42
590.802,50.5,61210.27
590.931,50.5,61213.37
591.061,50.5,61206.16
591.191,50.5,61203.87
591.32,50.5,61195.51
591.45,50.5,61210.54
591.58,50.5,61203.39
591.709,50.5,61210.61
591.839,50.5,61204.72
591.968,50.5,61214.66
592.098,50.5,61222.45
592.228,50.5,61215.74
592.357,50.5,61209.4
592.487,50.5,61230.81
592.617,50.5,61212.82
592.746,50.5,61224.73
592.876,50.5,61209.02
593.005,50.5,61224.94
593.135,50.5,61228.64
593.265,50.5,61223.62
593.394,50.5,61217.6
593.524,50.5,61235.11
593.653,50.5,61220.8
593.783,50.5,61227.48
593.913,50.5,61228.67
594.042,50.5,61235.72
594.172,50.5,61226.39
594.301,50.5,61231.25
594.431,50.5,61233.29
594.56,50.5,61243.54
594.69,50.5,61234.3
594.82,50.5,61244.59
594.949,50.5,61243.22
595.079,50.5,61240.52
595.208,50.5,61241.48
595.338,50.5,61245.75
595.468,50.5,61243.3
595.597,50.5,61254.46
595.727,50.5,61246.16
595.856,50.5,61254.06
595.986,50.5,61251.67
596.115,50.5,61264.39
596.245,50.5,61255.42
596.375,50.5,61263.46
596.504,50.5,61252.56
596.634,50.5,61272.38
596.763,50.5,61258.39
596.893,50.5,61277.51
597.022,50.5,61271.39
597.152,50.5,61280.98
597.282,50.5,61275.21
597.411,50.5,61278.92
597.541,50.5,61275.16
597.67,50.5,61294.05
597.8,50.5,61286.42
597.929,50.5,61295.21
598.059,50.5,61296.76
598.188,50.5,61307.64
598.318,50.5,61297.3
598.448,50.5,61307.02
598.577,50.5,61309.24
598.707,50.5,61320.13
598.836,50.5,61313.82
598.966,50.5,61324.78
599.095,50.5,61331.29
599.225,50.5,61336.15
599.354,50.5,61332.52
599.484,50.5,61344.3
599.614,50.5,61344.64
599.743,50.5,61352.53
599.873,50.5,61352.64
600.002,50.5,61367.45
600.132,50.5,61365.92
600.261,50.5,61387.66
600.391,50.5,61370.35
600.52,50.5,61382.87
600.65,50.5,61392.56
600.779,50.5,61405.59
600.909,50.5,61400.82
601.038,50.5,61411.28
601.168,50.5,61414.72
601.297,50.5,61437.35
601.427,50.5,61434.32
601.556,50.5,61438.43
601.686,50.5,61453.12
601.815,50.5,61471.45
601.945,50.5,61467.88
602.075,50.5,61476.81
602.204,50.5,61486.06
602.334,50.5,61510.83
602.463,50.5,61502.39
602.593,50.5,61515.81
602.722,50.5,61521.73
602.852,50.5,61548.33
602.981,50.5,61544.56
603.111,50.5,61558.19
603.24,50.5,61562.84
603.37,50.5,61591.3
603.499,50.5,61594.39
603.629,50.5,61608.32
603.758,50.5,61611.67
603.888,50.5,61630.51
604.017,50.5,61640.56
604.147,50.5,61658.66
604.276,50.5,61662.5
604.406,50.5,61703.1
604.535,50.5,61697.77
604.665,50.5,61715.67
604.794,50.5,61717.72
604.924,50.5,61748.61
605.053,50.5,61764.99
605.183,50.5,61785.91
605.312,50.5,61797.2
605.441,50.5,61813.27
605.571,50.5,61831.47
605.7,50.5,61848.83
605.83,50.5,61862.35
605.959,50.5,61886.23
606.089,50.5,61898.48
606.218,50.5,61926.08
606.348,50.5,61933.36
606.477,50.5,61952.02
606.607,50.5,61973.04
606.736,50.5,61999.4
606.866,50.5,62014.08
606.995,50.5,62029.88
607.125,50.5,62048.24
607.254,50.5,62067.56
607.384,50.5,62088.58
607.513,50.5,62106.43
607.642,50.5,62118.95
607.772,50.5,62150.18
607.901,50.5,62159.68
608.031,50.5,62181.05
608.16,50.5,62190.24
608.29,50.5,62220.47
608.419,50.5,62232.19
608.549,50.5,62269.71
608.678,50.5,62265.56
608.808,50.5,62297.34
608.937,50.5,62294.88
609.066,50.5,62323.69
609.196,50.5,62330.15
609.325,50.5,62352.7
609.455,50.5,62377.08
609.584,50.5,62393.23
609.714,50.5,62402.2
609.843,50.5,62423.78
609.973,50.5,62430.78
610.102,50.5,62457.24
610.231,50.5,62444.86
610.361,50.5,62468.41
610.49,50.5,62484.07
610.62,50.5,62503.88
610.749,50.5,62498.31
610.879,50.5,62514.04
611.008,50.5,62528.53
611.137,50.5,62544.8
611.267,50.5,62540.73
611.396,50.5,62563.5
611.526,50.5,62568.16
611.655,50.5,62588.09
611.785,50.5,62581.01
611.914,50.5,62610.26
612.043,50.5,62622.59
612.173,50.5,62631.69
612.302,50.5,62635.62
612.432,50.5,62637.22
612.561,50.5,62646.91
612.69,50.5,62665.94
612.82,50.5,62654.53
612.949,50.5,62665.04
613.079,50.5,62654.23
613.208,50.5,62661.69
613.337,50.5,62662.64
613.467,50.5,62645.77
613.596,50.5,62660.41
613.726,50.5,62654.82
613.855,50.5,62642.41
613.984,50.5,62640.46
614.114,50.5,62639.95
614.243,50.5,62656.97
614.373,50.5,62649.69
614.502,50.5,62639.73
614.631,50.5,62641.66
614.761,50.5,62655.89
614.89,50.5,62642.69
615.02,50.5,62637.02
615.149,50.5,62635.03
615.278,50.5,62642.48
615.408,50.5,62622.7
615.537,50.5,62631.47
615.667,50.5,62618.45
615.796,50.5,62634.72
615.925,50.5,62620.29
616.055,50.5,62607.92
616.184,50.5,62599.11
616.313,50.5,62601.19
616.443,50.5,62591.29
616.572,50.5,62588.77
616.701,50.5,62583.1
616.831,50.5,62570.1
616.96,50.5,62560.23
617.09,50.5,62559.0
617.219,50.5,62543.06
617.348,50.5,62556.17
617.478,50.5,62534.84
617.607,50.5,62531.92
617.736,50.5,62511.53
617.866,50.5,62510.46
617.995,50.5,62489.56
618.124,50.5,62485.44
618.254,50.5,62473.85
618.383,50.5,62470.14
618.513,50.5,62456.72
618.642,50.5,62452.55
618.771,50.5,62430.85
618.901,50.5,62436.66
619.03,50.5,62405.03
619.159,50.5,62413.55
619.289,50.5,62391.82
619.418,50.5,62386.82
619.547,50.5,62371.16
619.677,50.5,62365.07
619.806,50.5,62353.74
619.935,50.5,62341.12
620.065,50.5,62333.9
620.194,50.5,62324.28
620.323,50.5,62311.4
620.453,50.5,62304.61
620.582,50.5,62284.68
620.711,50.5,62287.31
620.841,50.5,62262.27
620.97,50.5,62261.65
621.099,50.5,62256.77
621.229,50.5,62243.79
621.358,50.5,62231.88
621.487,50.5,62224.59
621.617,50.5,62212.08
621.746,50.5,62210.1
621.875,50.5,62186.23
622.005,50.5,62189.1
622.134,50.5,62173.76
622.263,50.5,62163.05
622.393,50.5,62161.3
622.522,50.5,62156.47
622.651,50.5,62135.45
622.78,50.5,62121.97
622.91,50.5,62111.95
623.039,50.5,62106.75
623.168,50.5,62090.04
623.298,50.5,62082.49
623.427,50.5,62082.56
623.556,50.5,62082.39
623.686,50.5,62057.72
623.815,50.5,62051.89
623.944,50.5,62039.54
624.073,50.5,62037.8
624.203,50.5,62015.22
624.332,50.5,62012.4
624.461,50.5,62003.33
624.591,50.5,62004.64
624.72,50.5,61988.34
624.849,50.5,61982.25
624.979,50.5,61968.89
625.108,50.5,61974.54
625.237,50.5,61948.29
625.366,50.5,61951.95
625.496,50.5,61949.84
625.625,50.5,61948.06
625.754,50.5,61928.25
625.883,50.5,61927.31
626.013,50.5,61917.57
626.142,50.5,61917.05
626.271,50.5,61890.37
626.401,50.5,61887.62
626.53,50.5,61885.09
626.659,50.5,61895.38
626.788,50.5,61861.24
626.918,50.5,61876.23
627.047,50.5,61854.68
627.176,50.5,61869.38
627.305,50.5,61844.73
627.435,50.5,61845.41
627.564,50.5,61830.36
627.693,50.5,61829.19
627.823,50.5,61819.71
627.952,50.5,61818.74
628.081,50.5,61809.14
628.21,50.5,61822.52
628.34,50.5,61807.34
628.469,50.5,61798.09
628.598,50.5,61783.75
628.727,50.5,61794.48
628.857,50.5,61783.63
628.986,50.5,61782.43
629.115,50.5,61773.69
629.244,50.5,61774.26
629.374,50.5,61768.33
629.503,50.5,61764.95
629.632,50.5,61755.69
629.761,50.5,61757.5
629.89,50.5,61747.81
630.02,50.5,61749.64
630.149,50.5,61733.47
630.278,50.5,61740.25
630.407,50.5,61728.22
630.537,50.5,61731.5
630.666,50.5,61722.16
630.795,50.5,61727.07
630.924,50.5,61715.12
631.054,50.5,61712.0
631.183,50.5,61712.88
631.312,50.5,61713.12
631.441,50.5,61700.5
631.57,50.5,61702.73
631.7,50.5,61694.8
631.829,50.5,61703.16
631.958,50.5,61691.07
632.087,50.5,61694.29
632.217,50.5,61684.14
632.346,50.5,61695.09
632.475,50.5,61674.3
632.604,50.5,61679.89
632.733,50.5,61664.86
632.863,50.5,61676.4
632.992,50.5,61665.01
633.121,50.5,61671.84
633.25,50.5,61663.53
633.379,50.5,61660.88
633.509,50.5,61653.47
633.638,50.5,61661.43
633.767,50.5,61650.75
633.896,50.5,61654.08
634.025,50.5,61647.22
634.155,50.5,61648.97
634.284,50.5,61646.03
634.413,50.5,61650.14
634.542,50.5,61632.34
634.671,50.5,61638.26
634.801,50.5,61629.38
634.93,50.5,61635.66
